ConstituentID,OrgOPerson,FirstGiftDate,FirstGiftAmount,2016GCGiving,2017GCGiving,2018GCGiving,2019GCGiving,2020GCGiving,TotalGivingResUnres
201623999,P,3/12/2016,25.00,25.00,0.00,0.00,0.00,0.00,25.00
201624000,P,3/12/2016,50.00,50.00,0.00,0.00,0.00,0.00,50.00
201623998,P,3/12/2016,25.00,25.00,25.00,25.00,0.00,0.00,75.00
201624004,P,3/17/2016,25.00,25.00,0.00,0.00,0.00,0.00,25.00
201624005,P,3/17/2016,25.00,25.00,25.00,25.00,25.00,25.00,125.00
201624006,P,3/17/2016,50.00,50.00,0.00,0.00,0.00,0.00,50.00
201624007,P,3/17/2016,50.00,50.00,0.00,0.00,0.00,0.00,50.00
201624003,P,3/18/2016,50.00,50.00,100.00,0.00,600.00,750.00,1500.00
201624012,P,3/20/2016,25.00,25.00,0.00,0.00,0.00,0.00,25.00
201624013,P,3/20/2016,25.00,25.00,0.00,0.00,0.00,0.00,25.00
201624016,P,3/22/2016,100.00,100.00,100.00,100.00,100.00,100.00,500.00
201624020,P,3/22/2016,25.00,25.00,0.00,0.00,0.00,0.00,25.00
201624011,P,3/22/2016,50.00,50.00,0.00,0.00,100.00,0.00,150.00
201624019,P,3/22/2016,25.00,25.00,0.00,0.00,0.00,0.00,25.00
201624017,P,3/22/2016,25.00,25.00,50.00,0.00,0.00,0.00,75.00
201624018,P,3/22/2016,25.00,25.00,0.00,0.00,0.00,0.00,25.00
201624022,P,3/23/2016,25.00,25.00,0.00,0.00,0.00,0.00,25.00
201624021,P,3/25/2016,25.00,25.00,0.00,0.00,0.00,0.00,25.00
201624025,P,3/26/2016,25.00,25.00,0.00,0.00,0.00,0.00,25.00
201624024,P,3/26/2016,250.00,250.00,250.00,200.00,200.00,0.00,900.00
201624031,P,3/27/2016,30.00,30.00,0.00,0.00,0.00,0.00,30.00
201624032,P,3/27/2016,25.00,25.00,0.00,0.00,0.00,0.00,25.00
201624029,P,3/28/2016,25.00,25.00,0.00,0.00,0.00,0.00,25.00
201624030,P,3/28/2016,50.00,50.00,0.00,0.00,0.00,0.00,50.00
201624169,P,3/29/2016,25.00,25.00,0.00,0.00,0.00,0.00,25.00
201624036,P,3/29/2016,25.00,25.00,0.00,0.00,0.00,0.00,25.00
201624037,P,3/29/2016,50.00,50.00,0.00,0.00,0.00,0.00,50.00
201624038,P,3/29/2016,50.00,50.00,0.00,0.00,0.00,0.00,50.00
201624041,P,3/31/2016,100.00,100.00,0.00,0.00,0.00,0.00,100.00
201624043,P,3/31/2016,50.00,50.00,0.00,0.00,25.00,0.00,75.00
201624046,P,3/31/2016,25.00,25.00,0.00,0.00,0.00,0.00,25.00
201624042,P,3/31/2016,100.00,100.00,0.00,0.00,0.00,0.00,100.00
201624052,P,3/31/2016,50.00,50.00,0.00,0.00,0.00,0.00,50.00
201624051,P,3/31/2016,25.00,25.00,0.00,0.00,0.00,0.00,25.00
201624050,P,3/31/2016,40.00,40.00,0.00,0.00,0.00,0.00,40.00
201624049,P,3/31/2016,50.00,50.00,0.00,0.00,50.00,0.00,100.00
201624047,P,3/31/2016,25.00,25.00,0.00,0.00,0.00,0.00,25.00
201624048,P,3/31/2016,25.00,25.00,0.00,0.00,0.00,0.00,25.00
201624044,P,3/31/2016,25.00,25.00,0.00,0.00,0.00,0.00,25.00
201624045,P,3/31/2016,25.00,25.00,0.00,0.00,0.00,0.00,25.00
201624053,P,4/3/2016,100.00,100.00,0.00,250.00,0.00,0.00,350.00
201624054,P,4/3/2016,100.00,100.00,0.00,0.00,0.00,0.00,100.00
201624064,P,4/5/2016,25.00,25.00,0.00,0.00,0.00,0.00,25.00
201624065,P,4/9/2016,25.00,25.00,0.00,0.00,0.00,0.00,25.00
201624071,P,4/9/2016,25.00,25.00,0.00,0.00,0.00,0.00,25.00
201624070,P,4/9/2016,25.00,25.00,0.00,0.00,0.00,0.00,25.00
201624072,P,4/11/2016,100.00,100.00,25.00,0.00,50.00,50.00,225.00
201624073,P,4/11/2016,25.00,25.00,0.00,0.00,0.00,0.00,25.00
201624079,P,4/13/2016,25.00,25.00,0.00,0.00,0.00,0.00,25.00
201624077,P,4/13/2016,25.00,25.00,0.00,0.00,0.00,0.00,25.00
201624078,P,4/13/2016,100.00,100.00,0.00,0.00,0.00,0.00,100.00
201624076,P,4/13/2016,25.00,25.00,0.00,0.00,0.00,0.00,25.00
201624087,P,4/14/2016,25.00,25.00,0.00,0.00,0.00,0.00,25.00
201624088,P,4/14/2016,100.00,100.00,0.00,0.00,0.00,0.00,100.00
201624089,P,4/14/2016,25.00,25.00,0.00,0.00,0.00,0.00,25.00
201624092,P,4/14/2016,50.00,50.00,0.00,0.00,0.00,0.00,50.00
201624091,P,4/14/2016,25.00,25.00,0.00,0.00,0.00,0.00,25.00
201624090,P,4/14/2016,50.00,50.00,50.00,50.00,50.00,0.00,200.00
201624093,P,4/14/2016,30.00,30.00,0.00,0.00,0.00,0.00,30.00
201624085,P,4/14/2016,100.00,100.00,0.00,0.00,0.00,0.00,100.00
201624086,P,4/14/2016,25.00,25.00,0.00,0.00,0.00,0.00,25.00
201624097,P,4/14/2016,25.00,25.00,0.00,0.00,0.00,0.00,25.00
201624096,P,4/15/2016,25.00,25.00,0.00,0.00,50.00,0.00,75.00
201624095,P,4/15/2016,100.00,100.00,100.00,0.00,0.00,0.00,200.00
201624094,P,4/15/2016,25.00,25.00,0.00,0.00,0.00,0.00,25.00
201624098,P,4/16/2016,25.00,25.00,0.00,0.00,0.00,0.00,25.00
201624099,P,4/17/2016,20.00,20.00,0.00,0.00,0.00,0.00,20.00
201624100,P,4/17/2016,50.00,50.00,0.00,0.00,0.00,0.00,50.00
201624102,P,4/17/2016,50.00,100.00,25.00,25.00,35.00,0.00,185.00
201624103,P,4/17/2016,25.00,25.00,0.00,0.00,0.00,0.00,25.00
201624101,P,4/17/2016,50.00,50.00,0.00,0.00,0.00,0.00,50.00
201624105,P,4/18/2016,25.00,25.00,0.00,0.00,0.00,0.00,25.00
201624106,P,4/18/2016,50.00,50.00,0.00,0.00,0.00,0.00,50.00
201624109,P,4/18/2016,25.00,25.00,0.00,0.00,0.00,0.00,25.00
201624111,P,4/18/2016,25.00,25.00,0.00,0.00,0.00,0.00,25.00
201624110,P,4/18/2016,50.00,50.00,0.00,0.00,0.00,0.00,50.00
201624108,P,4/18/2016,50.00,50.00,100.00,100.00,100.00,0.00,350.00
201624107,P,4/18/2016,100.00,100.00,0.00,0.00,0.00,0.00,100.00
201624120,P,4/19/2016,25.00,25.00,0.00,0.00,0.00,0.00,25.00
201624121,P,4/19/2016,25.00,25.00,0.00,0.00,0.00,0.00,25.00
201624124,P,4/19/2016,25.00,25.00,0.00,0.00,0.00,0.00,25.00
201624123,P,4/19/2016,25.00,25.00,25.00,25.00,0.00,0.00,75.00
201624122,P,4/19/2016,25.00,25.00,0.00,0.00,0.00,0.00,25.00
201624118,P,4/19/2016,100.00,100.00,50.00,50.00,150.00,100.00,450.00
201624119,P,4/19/2016,50.00,50.00,0.00,0.00,0.00,0.00,50.00
201624117,P,4/19/2016,100.00,100.00,0.00,0.00,0.00,0.00,100.00
201624116,P,4/19/2016,25.00,25.00,0.00,0.00,0.00,0.00,25.00
201624131,P,4/22/2016,10.00,10.00,0.00,0.00,0.00,0.00,10.00
201624130,P,4/22/2016,25.00,25.00,25.00,25.00,35.00,0.00,110.00
201624133,P,4/22/2016,50.00,50.00,0.00,0.00,0.00,0.00,50.00
201624136,P,4/22/2016,50.00,50.00,50.00,0.00,0.00,0.00,100.00
201624132,P,4/22/2016,25.00,25.00,25.00,0.00,0.00,0.00,50.00
201624139,P,4/22/2016,25.00,25.00,0.00,0.00,0.00,0.00,25.00
201624126,P,4/22/2016,50.00,50.00,0.00,0.00,0.00,0.00,50.00
201624140,P,4/22/2016,25.00,25.00,50.00,50.00,50.00,0.00,175.00
201624125,P,4/22/2016,50.00,50.00,0.00,0.00,0.00,0.00,50.00
201624127,P,4/22/2016,100.00,100.00,0.00,0.00,250.00,0.00,350.00
201624129,P,4/22/2016,25.00,25.00,0.00,0.00,0.00,0.00,25.00
201624128,P,4/22/2016,25.00,25.00,0.00,0.00,0.00,0.00,25.00
201624138,P,4/22/2016,50.00,50.00,250.00,300.00,300.00,300.00,1200.00
201624137,P,4/22/2016,25.00,25.00,0.00,0.00,0.00,0.00,25.00
201624134,P,4/22/2016,25.00,25.00,0.00,0.00,0.00,0.00,25.00
201624135,P,4/22/2016,25.00,25.00,0.00,0.00,0.00,0.00,25.00
201624142,P,4/23/2016,25.00,25.00,250.00,500.00,500.00,0.00,1275.00
201624141,P,4/23/2016,25.00,25.00,0.00,0.00,0.00,0.00,25.00
201624143,P,4/25/2016,100.00,100.00,0.00,0.00,0.00,0.00,100.00
201624147,P,4/25/2016,50.00,50.00,0.00,0.00,0.00,0.00,50.00
201624146,P,4/25/2016,25.00,25.00,0.00,0.00,0.00,0.00,25.00
201624144,P,4/25/2016,50.00,50.00,0.00,0.00,0.00,0.00,50.00
201624145,P,4/25/2016,125.00,125.00,125.00,0.00,500.00,0.00,750.00
201624151,P,4/27/2016,25.00,25.00,0.00,0.00,0.00,0.00,25.00
201624153,P,4/27/2016,25.00,25.00,0.00,0.00,0.00,0.00,25.00
201624152,P,4/27/2016,25.00,25.00,0.00,0.00,0.00,0.00,25.00
201624159,P,4/28/2016,25.00,25.00,0.00,0.00,0.00,0.00,25.00
201624163,P,4/28/2016,25.00,25.00,0.00,0.00,0.00,0.00,25.00
201624160,P,4/28/2016,25.00,25.00,50.00,0.00,0.00,0.00,75.00
201624158,P,4/28/2016,25.00,25.00,0.00,0.00,0.00,0.00,25.00
201624168,P,4/28/2016,50.00,50.00,0.00,0.00,0.00,0.00,50.00
201624167,P,4/28/2016,100.00,100.00,0.00,0.00,0.00,0.00,100.00
201624166,P,4/28/2016,250.00,250.00,0.00,250.00,250.00,0.00,750.00
201624164,P,4/28/2016,25.00,25.00,0.00,0.00,0.00,0.00,25.00
201624161,P,4/28/2016,25.00,25.00,0.00,0.00,0.00,0.00,25.00
201624162,P,4/28/2016,25.00,25.00,0.00,0.00,0.00,0.00,25.00
201624165,P,4/28/2016,25.00,25.00,0.00,0.00,0.00,0.00,25.00
201624171,P,4/29/2016,25.00,25.00,0.00,0.00,0.00,0.00,25.00
201624170,P,4/29/2016,25.00,25.00,0.00,0.00,0.00,0.00,25.00
201624172,P,4/30/2016,50.00,50.00,0.00,0.00,0.00,0.00,50.00
201624173,P,5/3/2016,50.00,50.00,0.00,0.00,0.00,0.00,50.00
201624175,P,5/4/2016,50.00,50.00,50.00,0.00,0.00,0.00,100.00
201624176,P,5/4/2016,50.00,50.00,125.00,50.00,50.00,50.00,325.00
201624177,P,5/7/2016,25.00,25.00,0.00,0.00,0.00,0.00,25.00
201624182,P,5/7/2016,25.00,25.00,0.00,0.00,0.00,0.00,25.00
201624181,P,5/8/2016,25.00,25.00,0.00,0.00,0.00,0.00,25.00
201624180,P,5/8/2016,50.00,50.00,0.00,0.00,0.00,0.00,50.00
201624178,P,5/8/2016,25.00,25.00,0.00,25.00,0.00,0.00,50.00
201624179,P,5/8/2016,25.00,25.00,0.00,0.00,0.00,0.00,25.00
201624186,P,5/9/2016,25.00,25.00,0.00,0.00,0.00,0.00,25.00
201624196,P,5/9/2016,100.00,100.00,0.00,0.00,0.00,0.00,100.00
201624195,P,5/9/2016,100.00,100.00,100.00,100.00,75.00,0.00,375.00
201624188,P,5/9/2016,25.00,25.00,0.00,25.00,0.00,0.00,50.00
201624187,P,5/9/2016,25.00,25.00,0.00,25.00,0.00,0.00,50.00
201624189,P,5/9/2016,25.00,25.00,0.00,0.00,0.00,0.00,25.00
201624190,P,5/9/2016,25.00,25.00,0.00,0.00,0.00,0.00,25.00
201624191,P,5/9/2016,100.00,100.00,0.00,0.00,0.00,0.00,100.00
201624194,P,5/9/2016,50.00,50.00,0.00,0.00,0.00,0.00,50.00
201624193,P,5/9/2016,25.00,25.00,0.00,0.00,0.00,0.00,25.00
201624192,P,5/9/2016,25.00,25.00,0.00,0.00,0.00,0.00,25.00
201624204,P,5/10/2016,25.00,25.00,0.00,0.00,0.00,0.00,25.00
201624205,P,5/10/2016,25.00,25.00,25.00,0.00,25.00,0.00,75.00
201624206,P,5/10/2016,25.00,25.00,0.00,0.00,0.00,0.00,25.00
201624209,P,5/10/2016,25.00,25.00,0.00,0.00,0.00,0.00,25.00
201624202,P,5/10/2016,25.00,25.00,0.00,0.00,0.00,0.00,25.00
201624203,P,5/10/2016,25.00,25.00,50.00,50.00,50.00,0.00,175.00
201624200,P,5/10/2016,25.00,25.00,0.00,0.00,0.00,0.00,25.00
201624201,P,5/10/2016,50.00,50.00,0.00,0.00,0.00,0.00,50.00
201624208,P,5/10/2016,50.00,50.00,0.00,0.00,0.00,0.00,50.00
201624207,P,5/10/2016,25.00,25.00,0.00,0.00,0.00,0.00,25.00
201624222,P,5/11/2016,25.00,25.00,0.00,25.00,35.00,50.00,135.00
201624221,P,5/11/2016,25.00,25.00,0.00,0.00,0.00,0.00,25.00
201624211,P,5/11/2016,25.00,25.00,0.00,0.00,0.00,0.00,25.00
201624212,P,5/11/2016,50.00,50.00,0.00,0.00,0.00,0.00,50.00
201624213,P,5/11/2016,100.00,100.00,0.00,0.00,0.00,0.00,100.00
201624214,P,5/11/2016,25.00,25.00,0.00,0.00,0.00,0.00,25.00
201624215,P,5/11/2016,25.00,25.00,0.00,0.00,0.00,0.00,25.00
201624217,P,5/11/2016,25.00,25.00,0.00,0.00,0.00,0.00,25.00
201624216,P,5/11/2016,25.00,25.00,0.00,0.00,0.00,0.00,25.00
201624210,P,5/11/2016,25.00,25.00,0.00,0.00,0.00,0.00,25.00
201624224,P,5/11/2016,25.00,25.00,0.00,0.00,0.00,0.00,25.00
201624223,P,5/11/2016,100.00,100.00,100.00,100.00,0.00,0.00,300.00
201624220,P,5/11/2016,25.00,25.00,200.00,200.00,200.00,0.00,625.00
201624218,P,5/11/2016,25.00,25.00,0.00,0.00,0.00,0.00,25.00
201624219,P,5/11/2016,25.00,25.00,0.00,0.00,0.00,0.00,25.00
201624228,P,5/12/2016,25.00,25.00,0.00,0.00,0.00,0.00,25.00
201624240,P,5/12/2016,25.00,25.00,0.00,0.00,0.00,0.00,25.00
201624239,P,5/12/2016,25.00,25.00,0.00,0.00,0.00,0.00,25.00
201624242,P,5/12/2016,50.00,50.00,0.00,0.00,0.00,0.00,50.00
201624241,P,5/12/2016,50.00,50.00,0.00,0.00,0.00,0.00,50.00
201624231,P,5/12/2016,25.00,25.00,0.00,0.00,0.00,0.00,25.00
201624238,P,5/12/2016,25.00,25.00,0.00,75.00,50.00,0.00,150.00
201624236,P,5/12/2016,25.00,25.00,0.00,0.00,0.00,0.00,25.00
201624235,P,5/12/2016,25.00,25.00,0.00,0.00,0.00,0.00,25.00
201624249,P,5/12/2016,100.00,100.00,0.00,0.00,0.00,0.00,100.00
201624248,P,5/12/2016,100.00,100.00,50.00,0.00,100.00,100.00,350.00
201624234,P,5/12/2016,25.00,25.00,0.00,0.00,30.00,0.00,55.00
201624237,P,5/12/2016,25.00,25.00,25.00,25.00,25.00,25.00,125.00
201624233,P,5/12/2016,25.00,25.00,0.00,0.00,0.00,0.00,25.00
201624246,P,5/12/2016,100.00,100.00,0.00,0.00,0.00,0.00,100.00
201624247,P,5/12/2016,100.00,100.00,0.00,0.00,0.00,0.00,100.00
201624232,P,5/12/2016,25.00,25.00,0.00,0.00,0.00,0.00,25.00
201624230,P,5/12/2016,25.00,25.00,25.00,25.00,35.00,0.00,110.00
201624244,P,5/12/2016,50.00,50.00,0.00,0.00,0.00,0.00,50.00
201624229,P,5/12/2016,25.00,25.00,0.00,0.00,0.00,0.00,25.00
201624243,P,5/12/2016,50.00,50.00,0.00,0.00,0.00,0.00,50.00
201624245,P,5/12/2016,50.00,50.00,50.00,0.00,0.00,0.00,100.00
201624255,P,5/14/2016,25.00,25.00,0.00,0.00,0.00,0.00,25.00
201624267,P,5/14/2016,25.00,25.00,0.00,0.00,0.00,0.00,25.00
201624253,P,5/14/2016,50.00,50.00,0.00,50.00,50.00,0.00,150.00
201624270,P,5/14/2016,25.00,25.00,25.00,25.00,0.00,0.00,75.00
201624256,P,5/14/2016,25.00,25.00,0.00,0.00,0.00,0.00,25.00
201624271,P,5/14/2016,25.00,25.00,0.00,0.00,0.00,0.00,25.00
201624260,P,5/14/2016,25.00,25.00,0.00,0.00,0.00,0.00,25.00
201624258,P,5/14/2016,25.00,25.00,0.00,0.00,0.00,0.00,25.00
201624259,P,5/14/2016,25.00,25.00,0.00,0.00,0.00,0.00,25.00
201624262,P,5/14/2016,25.00,25.00,0.00,0.00,0.00,0.00,25.00
201624261,P,5/14/2016,25.00,25.00,0.00,0.00,0.00,0.00,25.00
201624254,P,5/14/2016,50.00,50.00,50.00,0.00,0.00,0.00,100.00
201624269,P,5/14/2016,25.00,25.00,0.00,0.00,0.00,0.00,25.00
201624268,P,5/14/2016,25.00,25.00,0.00,0.00,0.00,0.00,25.00
201624252,P,5/14/2016,50.00,50.00,0.00,0.00,0.00,0.00,50.00
201624263,P,5/14/2016,25.00,25.00,0.00,0.00,35.00,0.00,60.00
201624251,P,5/14/2016,100.00,100.00,0.00,0.00,0.00,0.00,100.00
201624266,P,5/14/2016,25.00,25.00,100.00,0.00,0.00,0.00,125.00
201624264,P,5/14/2016,25.00,25.00,0.00,0.00,0.00,0.00,25.00
201624265,P,5/15/2016,25.00,25.00,0.00,0.00,0.00,0.00,25.00
201624274,P,5/16/2016,50.00,50.00,0.00,0.00,50.00,0.00,100.00
201624276,P,5/16/2016,25.00,25.00,0.00,0.00,0.00,0.00,25.00
201624275,P,5/16/2016,25.00,25.00,0.00,0.00,0.00,0.00,25.00
201624278,P,5/18/2016,25.00,25.00,0.00,0.00,0.00,0.00,25.00
201624280,P,5/19/2016,25.00,25.00,0.00,0.00,0.00,0.00,25.00
201624293,P,5/20/2016,25.00,25.00,0.00,0.00,0.00,0.00,25.00
201624292,P,5/20/2016,100.00,100.00,250.00,250.00,250.00,0.00,850.00
201624281,P,5/20/2016,25.00,25.00,0.00,0.00,0.00,0.00,25.00
201624294,P,5/20/2016,25.00,25.00,0.00,0.00,0.00,0.00,25.00
201624284,P,5/20/2016,25.00,25.00,0.00,0.00,0.00,0.00,25.00
201624291,P,5/20/2016,250.00,250.00,0.00,0.00,0.00,0.00,250.00
201624288,P,5/20/2016,25.00,25.00,25.00,0.00,0.00,0.00,50.00
201624287,P,5/20/2016,25.00,25.00,0.00,0.00,0.00,0.00,25.00
201624289,P,5/20/2016,25.00,25.00,0.00,0.00,0.00,0.00,25.00
201624290,P,5/20/2016,100.00,100.00,0.00,0.00,50.00,50.00,200.00
201624285,P,5/20/2016,100.00,100.00,0.00,0.00,0.00,0.00,100.00
201624283,P,5/20/2016,100.00,100.00,100.00,100.00,0.00,100.00,400.00
201624282,P,5/20/2016,50.00,50.00,0.00,0.00,0.00,0.00,50.00
201624286,P,5/20/2016,25.00,25.00,0.00,0.00,0.00,0.00,25.00
201624296,P,5/22/2016,25.00,25.00,0.00,0.00,0.00,0.00,25.00
201624295,P,5/22/2016,25.00,25.00,0.00,0.00,0.00,0.00,25.00
201624298,P,5/23/2016,25.00,25.00,0.00,0.00,0.00,0.00,25.00
201624301,P,5/23/2016,25.00,25.00,0.00,0.00,0.00,0.00,25.00
201624297,P,5/23/2016,25.00,25.00,0.00,0.00,0.00,0.00,25.00
201624300,P,5/23/2016,25.00,25.00,0.00,0.00,0.00,0.00,25.00
201624299,P,5/23/2016,25.00,25.00,25.00,25.00,25.00,25.00,125.00
201624315,P,5/24/2016,100.00,100.00,0.00,50.00,0.00,0.00,150.00
201624316,P,5/24/2016,10.00,10.00,0.00,0.00,0.00,0.00,10.00
201624312,P,5/24/2016,25.00,25.00,0.00,50.00,0.00,0.00,75.00
201624313,P,5/24/2016,25.00,25.00,0.00,0.00,0.00,0.00,25.00
201624318,P,5/24/2016,25.00,25.00,50.00,0.00,0.00,0.00,75.00
201624319,P,5/24/2016,25.00,25.00,0.00,250.00,250.00,250.00,775.00
201624305,P,5/24/2016,25.00,25.00,0.00,0.00,0.00,0.00,25.00
201624317,P,5/24/2016,25.00,25.00,0.00,0.00,0.00,0.00,25.00
201624307,P,5/24/2016,25.00,25.00,0.00,0.00,0.00,0.00,25.00
201624321,P,5/24/2016,100.00,100.00,50.00,50.00,50.00,50.00,300.00
201624320,P,5/24/2016,10.00,10.00,0.00,0.00,0.00,0.00,10.00
201624306,P,5/24/2016,25.00,25.00,0.00,0.00,0.00,0.00,25.00
201624314,P,5/24/2016,25.00,25.00,0.00,0.00,0.00,0.00,25.00
201624311,P,5/24/2016,50.00,50.00,0.00,0.00,0.00,0.00,50.00
201624310,P,5/24/2016,100.00,100.00,0.00,0.00,0.00,0.00,100.00
201624308,P,5/24/2016,25.00,25.00,0.00,0.00,0.00,0.00,25.00
201624323,P,5/24/2016,25.00,25.00,50.00,0.00,0.00,0.00,75.00
201624309,P,5/24/2016,100.00,100.00,0.00,0.00,0.00,0.00,100.00
201624322,P,5/24/2016,100.00,100.00,0.00,0.00,0.00,0.00,100.00
201624330,P,5/25/2016,25.00,25.00,0.00,0.00,0.00,0.00,25.00
201624328,P,5/25/2016,50.00,50.00,0.00,0.00,0.00,0.00,50.00
201624329,P,5/25/2016,100.00,100.00,100.00,0.00,0.00,0.00,200.00
201624327,P,5/26/2016,25.00,25.00,0.00,0.00,25.00,0.00,50.00
201624331,P,5/27/2016,25.00,25.00,0.00,0.00,0.00,0.00,25.00
201624332,P,5/27/2016,25.00,25.00,0.00,0.00,0.00,0.00,25.00
201624333,P,5/27/2016,25.00,25.00,0.00,0.00,0.00,0.00,25.00
201624341,P,5/30/2016,50.00,50.00,0.00,0.00,0.00,0.00,50.00
201624342,P,5/30/2016,25.00,25.00,0.00,0.00,0.00,0.00,25.00
201624343,P,5/30/2016,25.00,25.00,0.00,0.00,0.00,0.00,25.00
201624339,P,5/31/2016,25.00,25.00,0.00,0.00,0.00,0.00,25.00
201624340,P,5/31/2016,50.00,50.00,0.00,50.00,0.00,0.00,100.00
201624350,P,6/1/2016,100.00,100.00,0.00,0.00,0.00,0.00,100.00
201624351,P,6/1/2016,25.00,25.00,0.00,0.00,0.00,0.00,25.00
201624347,P,6/1/2016,25.00,25.00,0.00,0.00,50.00,50.00,125.00
201624349,P,6/1/2016,50.00,50.00,0.00,0.00,0.00,0.00,50.00
201624346,P,6/1/2016,25.00,25.00,0.00,0.00,0.00,0.00,25.00
201624348,P,6/1/2016,25.00,25.00,0.00,0.00,0.00,0.00,25.00
201624366,P,6/2/2016,100.00,100.00,0.00,0.00,0.00,0.00,100.00
201624365,P,6/2/2016,50.00,50.00,0.00,0.00,0.00,0.00,50.00
201624364,P,6/2/2016,25.00,25.00,0.00,0.00,0.00,0.00,25.00
201624363,P,6/2/2016,100.00,100.00,0.00,0.00,0.00,0.00,100.00
201624362,P,6/2/2016,50.00,50.00,0.00,100.00,75.00,100.00,325.00
201624368,P,6/3/2016,50.00,50.00,0.00,50.00,0.00,0.00,100.00
201624370,P,6/3/2016,50.00,50.00,0.00,0.00,0.00,0.00,50.00
201624367,P,6/3/2016,25.00,25.00,0.00,0.00,0.00,0.00,25.00
201624369,P,6/3/2016,25.00,25.00,0.00,0.00,0.00,25.00,50.00
201624372,P,6/4/2016,25.00,25.00,0.00,0.00,0.00,0.00,25.00
201624371,P,6/4/2016,100.00,100.00,0.00,0.00,0.00,0.00,100.00
201624373,P,6/6/2016,25.00,25.00,0.00,0.00,0.00,0.00,25.00
201624376,P,6/6/2016,100.00,100.00,0.00,0.00,0.00,0.00,100.00
201624375,P,6/6/2016,25.00,25.00,0.00,0.00,0.00,0.00,25.00
201624382,P,6/7/2016,25.00,25.00,0.00,0.00,0.00,0.00,25.00
201624381,P,6/7/2016,25.00,25.00,0.00,0.00,0.00,0.00,25.00
201624387,P,6/7/2016,50.00,50.00,0.00,0.00,0.00,0.00,50.00
201624383,P,6/7/2016,50.00,50.00,0.00,0.00,0.00,0.00,50.00
201624384,P,6/7/2016,25.00,25.00,50.00,50.00,85.00,0.00,210.00
201624379,P,6/7/2016,25.00,25.00,0.00,0.00,0.00,0.00,25.00
201624380,P,6/7/2016,100.00,100.00,0.00,50.00,0.00,0.00,150.00
201624378,P,6/7/2016,25.00,25.00,0.00,0.00,0.00,0.00,25.00
201624377,P,6/7/2016,100.00,100.00,100.00,200.00,100.00,0.00,500.00
201624385,P,6/7/2016,50.00,50.00,0.00,0.00,0.00,0.00,50.00
201624386,P,6/7/2016,25.00,25.00,0.00,0.00,0.00,0.00,25.00
201624389,P,6/10/2016,25.00,25.00,0.00,0.00,0.00,0.00,25.00
201624391,P,6/10/2016,100.00,100.00,0.00,0.00,0.00,25.00,125.00
201624390,P,6/10/2016,100.00,100.00,0.00,0.00,0.00,0.00,100.00
201624398,P,6/13/2016,25.00,25.00,0.00,0.00,0.00,0.00,25.00
201624400,P,6/13/2016,50.00,50.00,0.00,0.00,0.00,0.00,50.00
201624399,P,6/13/2016,25.00,25.00,0.00,0.00,0.00,0.00,25.00
201624401,P,6/13/2016,25.00,25.00,0.00,0.00,0.00,0.00,25.00
201624395,P,6/13/2016,25.00,25.00,0.00,25.00,0.00,0.00,50.00
201624397,P,6/13/2016,25.00,25.00,0.00,0.00,0.00,0.00,25.00
201624394,P,6/13/2016,25.00,25.00,0.00,0.00,0.00,0.00,25.00
201624396,P,6/14/2016,100.00,100.00,0.00,0.00,0.00,0.00,100.00
201624402,P,6/14/2016,25.00,25.00,0.00,0.00,0.00,0.00,25.00
201624415,P,6/15/2016,25.00,25.00,0.00,0.00,0.00,0.00,25.00
201624429,P,6/15/2016,25.00,25.00,0.00,0.00,0.00,0.00,25.00
201624427,P,6/15/2016,25.00,25.00,0.00,0.00,0.00,0.00,25.00
201624413,P,6/15/2016,20.00,20.00,0.00,0.00,0.00,0.00,20.00
201624414,P,6/15/2016,25.00,25.00,0.00,0.00,0.00,0.00,25.00
201624428,P,6/15/2016,25.00,25.00,0.00,0.00,0.00,0.00,25.00
201624412,P,6/15/2016,100.00,100.00,0.00,0.00,0.00,0.00,100.00
201624425,P,6/15/2016,25.00,25.00,0.00,0.00,0.00,0.00,25.00
201624411,P,6/15/2016,25.00,25.00,0.00,0.00,0.00,0.00,25.00
201624426,P,6/15/2016,25.00,25.00,0.00,0.00,0.00,0.00,25.00
201624422,P,6/15/2016,25.00,25.00,0.00,0.00,0.00,0.00,25.00
201624432,P,6/15/2016,100.00,100.00,250.00,0.00,0.00,0.00,350.00
201624418,P,6/15/2016,50.00,50.00,0.00,0.00,0.00,0.00,50.00
201624433,P,6/15/2016,25.00,25.00,0.00,0.00,0.00,0.00,25.00
201624431,P,6/15/2016,25.00,25.00,0.00,0.00,0.00,0.00,25.00
201624430,P,6/15/2016,20.00,20.00,0.00,0.00,0.00,0.00,20.00
201624416,P,6/15/2016,25.00,25.00,0.00,0.00,0.00,0.00,25.00
201624417,P,6/15/2016,50.00,50.00,0.00,0.00,0.00,0.00,50.00
201624420,P,6/15/2016,25.00,25.00,0.00,0.00,0.00,0.00,25.00
201624421,P,6/15/2016,25.00,25.00,25.00,25.00,25.00,0.00,100.00
201624434,P,6/15/2016,25.00,25.00,0.00,0.00,0.00,0.00,25.00
201624419,P,6/15/2016,50.00,50.00,0.00,0.00,0.00,0.00,50.00
201624436,P,6/15/2016,100.00,100.00,0.00,0.00,0.00,0.00,100.00
201624435,P,6/15/2016,50.00,50.00,0.00,0.00,0.00,0.00,50.00
201624424,P,6/15/2016,25.00,25.00,0.00,0.00,0.00,0.00,25.00
201624410,P,6/15/2016,25.00,25.00,50.00,150.00,250.00,150.00,625.00
201624423,P,6/15/2016,25.00,25.00,0.00,0.00,0.00,0.00,25.00
201624440,P,6/16/2016,25.00,25.00,0.00,0.00,0.00,0.00,25.00
201624439,P,6/16/2016,25.00,25.00,0.00,0.00,0.00,0.00,25.00
201624438,P,6/17/2016,25.00,25.00,0.00,0.00,0.00,0.00,25.00
201624437,P,6/18/2016,25.00,25.00,0.00,0.00,0.00,0.00,25.00
201624451,P,6/19/2016,50.00,50.00,0.00,100.00,200.00,0.00,350.00
201624450,P,6/19/2016,25.00,25.00,0.00,0.00,0.00,0.00,25.00
201624452,P,6/19/2016,25.00,25.00,0.00,0.00,0.00,0.00,25.00
201624462,P,6/20/2016,25.00,25.00,0.00,0.00,0.00,0.00,25.00
201624449,P,6/20/2016,25.00,25.00,0.00,0.00,0.00,0.00,25.00
201624461,P,6/20/2016,100.00,100.00,0.00,0.00,0.00,0.00,100.00
201624448,P,6/20/2016,5.00,5.00,0.00,0.00,0.00,0.00,5.00
201624460,P,6/20/2016,25.00,25.00,0.00,0.00,0.00,0.00,25.00
201624456,P,6/20/2016,25.00,25.00,0.00,0.00,0.00,0.00,25.00
201624457,P,6/20/2016,25.00,25.00,0.00,0.00,0.00,0.00,25.00
201624455,P,6/20/2016,25.00,25.00,0.00,0.00,0.00,0.00,25.00
201624459,P,6/20/2016,25.00,25.00,0.00,0.00,0.00,0.00,25.00
201624458,P,6/20/2016,25.00,25.00,0.00,0.00,0.00,0.00,25.00
201624446,P,6/20/2016,50.00,50.00,0.00,0.00,0.00,0.00,50.00
201624447,P,6/20/2016,5.00,5.00,0.00,0.00,0.00,0.00,5.00
201624463,P,6/20/2016,25.00,25.00,0.00,0.00,0.00,0.00,25.00
201624465,P,6/20/2016,25.00,25.00,0.00,0.00,0.00,0.00,25.00
201624464,P,6/20/2016,25.00,25.00,0.00,0.00,0.00,0.00,25.00
201624454,P,6/20/2016,25.00,25.00,0.00,0.00,0.00,0.00,25.00
201624453,P,6/20/2016,25.00,25.00,0.00,0.00,0.00,0.00,25.00
201624467,P,6/21/2016,25.00,25.00,0.00,0.00,0.00,0.00,25.00
201624475,P,6/21/2016,25.00,25.00,0.00,0.00,25.00,0.00,50.00
201624466,P,6/21/2016,25.00,25.00,0.00,0.00,0.00,0.00,25.00
201624476,P,6/22/2016,25.00,25.00,0.00,0.00,0.00,0.00,25.00
201624477,P,6/24/2016,25.00,25.00,0.00,0.00,0.00,0.00,25.00
201624480,P,6/24/2016,25.00,25.00,0.00,0.00,0.00,0.00,25.00
201624479,P,6/24/2016,25.00,25.00,0.00,0.00,0.00,0.00,25.00
201624481,P,6/25/2016,25.00,25.00,0.00,0.00,0.00,0.00,25.00
201624482,P,6/26/2016,50.00,50.00,0.00,0.00,0.00,0.00,50.00
201624483,P,6/28/2016,100.00,100.00,50.00,50.00,0.00,0.00,200.00
201624485,P,6/29/2016,25.00,25.00,0.00,0.00,0.00,0.00,25.00
201624491,P,6/29/2016,25.00,25.00,50.00,0.00,0.00,0.00,75.00
201624488,P,6/29/2016,100.00,100.00,0.00,0.00,1000.00,0.00,1100.00
201624487,P,6/29/2016,25.00,25.00,0.00,0.00,0.00,0.00,25.00
201624486,P,6/29/2016,25.00,25.00,25.00,25.00,35.00,25.00,135.00
201624489,P,6/30/2016,25.00,25.00,0.00,0.00,0.00,0.00,25.00
201624490,P,6/30/2016,25.00,25.00,25.00,25.00,0.00,0.00,75.00
201624496,P,7/1/2016,25.00,25.00,0.00,0.00,0.00,0.00,25.00
201624500,P,7/2/2016,25.00,25.00,0.00,0.00,0.00,0.00,25.00
201624501,P,7/2/2016,25.00,25.00,0.00,0.00,0.00,0.00,25.00
201624502,P,7/2/2016,50.00,50.00,100.00,100.00,100.00,0.00,350.00
201624497,P,7/2/2016,25.00,25.00,0.00,0.00,0.00,0.00,25.00
201624499,P,7/2/2016,5.00,5.00,0.00,0.00,0.00,0.00,5.00
201624498,P,7/2/2016,25.00,25.00,0.00,0.00,0.00,0.00,25.00
201624495,P,7/3/2016,25.00,25.00,0.00,0.00,0.00,0.00,25.00
201624492,P,7/4/2016,25.00,25.00,0.00,0.00,0.00,0.00,25.00
201624493,P,7/4/2016,25.00,25.00,0.00,0.00,0.00,0.00,25.00
201624494,P,7/4/2016,25.00,25.00,0.00,0.00,0.00,0.00,25.00
201624520,P,7/4/2016,25.00,25.00,0.00,0.00,0.00,0.00,25.00
201624518,P,7/6/2016,25.00,25.00,0.00,0.00,0.00,0.00,25.00
201624519,P,7/7/2016,25.00,25.00,0.00,0.00,0.00,0.00,25.00
201624517,P,7/8/2016,25.00,25.00,0.00,0.00,0.00,0.00,25.00
201624514,P,7/9/2016,25.00,25.00,0.00,0.00,0.00,0.00,25.00
201624515,P,7/9/2016,25.00,25.00,0.00,0.00,35.00,0.00,60.00
201624516,P,7/10/2016,25.00,25.00,25.00,25.00,0.00,0.00,75.00
201624513,P,7/10/2016,50.00,50.00,100.00,0.00,0.00,0.00,150.00
201624512,P,7/10/2016,25.00,25.00,0.00,0.00,0.00,0.00,25.00
201624544,P,7/13/2016,50.00,50.00,0.00,0.00,0.00,0.00,50.00
201624543,P,7/13/2016,50.00,50.00,0.00,0.00,0.00,0.00,50.00
201624542,P,7/13/2016,25.00,25.00,0.00,0.00,0.00,0.00,25.00
201624531,P,7/14/2016,25.00,25.00,0.00,0.00,0.00,0.00,25.00
201624533,P,7/14/2016,25.00,25.00,0.00,0.00,0.00,0.00,25.00
201624532,P,7/14/2016,50.00,50.00,0.00,50.00,50.00,50.00,200.00
201624541,P,7/14/2016,25.00,25.00,0.00,0.00,0.00,0.00,25.00
201624536,P,7/14/2016,25.00,25.00,0.00,0.00,0.00,0.00,25.00
201624534,P,7/14/2016,25.00,25.00,25.00,0.00,0.00,0.00,50.00
201624535,P,7/14/2016,25.00,25.00,0.00,0.00,0.00,0.00,25.00
201624540,P,7/14/2016,25.00,25.00,0.00,0.00,0.00,0.00,25.00
201624539,P,7/14/2016,50.00,50.00,0.00,0.00,0.00,0.00,50.00
201624546,P,7/15/2016,100.00,100.00,0.00,0.00,0.00,0.00,100.00
201624545,P,7/15/2016,25.00,25.00,50.00,0.00,35.00,0.00,110.00
201624552,P,7/16/2016,25.00,25.00,0.00,25.00,75.00,0.00,125.00
201624553,P,7/17/2016,25.00,25.00,0.00,0.00,50.00,0.00,75.00
201624555,P,7/17/2016,25.00,25.00,0.00,0.00,0.00,0.00,25.00
201624556,P,7/17/2016,25.00,25.00,0.00,0.00,0.00,0.00,25.00
201624557,P,7/17/2016,25.00,25.00,0.00,0.00,0.00,0.00,25.00
201624554,P,7/17/2016,100.00,100.00,100.00,0.00,0.00,100.00,300.00
201624558,P,7/19/2016,25.00,25.00,0.00,0.00,0.00,0.00,25.00
201624562,P,7/19/2016,25.00,25.00,0.00,0.00,0.00,0.00,25.00
201624561,P,7/19/2016,50.00,50.00,0.00,0.00,0.00,0.00,50.00
201624560,P,7/19/2016,25.00,25.00,0.00,0.00,0.00,0.00,25.00
201624559,P,7/19/2016,25.00,25.00,0.00,0.00,0.00,0.00,25.00
201624564,P,7/20/2016,25.00,25.00,0.00,0.00,0.00,0.00,25.00
201624563,P,7/20/2016,25.00,25.00,0.00,0.00,0.00,0.00,25.00
201624565,P,7/20/2016,25.00,25.00,0.00,0.00,0.00,0.00,25.00
201624574,P,7/21/2016,50.00,50.00,0.00,0.00,0.00,0.00,50.00
201624571,P,7/21/2016,25.00,25.00,0.00,0.00,0.00,0.00,25.00
201624572,P,7/21/2016,25.00,25.00,0.00,25.00,0.00,0.00,50.00
201624576,P,7/22/2016,25.00,25.00,0.00,0.00,0.00,0.00,25.00
201624575,P,7/22/2016,100.00,100.00,0.00,0.00,0.00,0.00,100.00
201624603,P,7/23/2016,25.00,25.00,25.00,0.00,0.00,50.00,100.00
201624604,P,7/23/2016,25.00,25.00,0.00,0.00,0.00,0.00,25.00
201624607,P,7/23/2016,100.00,100.00,0.00,0.00,0.00,0.00,100.00
201624606,P,7/24/2016,25.00,25.00,0.00,0.00,0.00,0.00,25.00
201624605,P,7/24/2016,25.00,25.00,0.00,0.00,0.00,0.00,25.00
201624585,P,7/25/2016,25.00,25.00,0.00,0.00,0.00,0.00,25.00
201624584,P,7/25/2016,25.00,25.00,0.00,0.00,0.00,0.00,25.00
201624583,P,7/25/2016,50.00,50.00,0.00,0.00,0.00,0.00,50.00
201624582,P,7/25/2016,50.00,50.00,0.00,0.00,50.00,0.00,100.00
201624596,P,7/26/2016,25.00,25.00,25.00,25.00,0.00,25.00,100.00
201624579,P,7/26/2016,1000.00,1000.00,1000.00,1000.00,1000.00,0.00,4000.00
201624593,P,7/26/2016,25.00,25.00,0.00,0.00,0.00,0.00,25.00
201624592,P,7/26/2016,50.00,50.00,0.00,0.00,0.00,0.00,50.00
201624580,P,7/26/2016,50.00,50.00,0.00,0.00,0.00,0.00,50.00
201624594,P,7/26/2016,50.00,50.00,0.00,0.00,0.00,0.00,50.00
201624598,P,7/26/2016,25.00,25.00,0.00,0.00,0.00,0.00,25.00
201624600,P,7/26/2016,100.00,100.00,0.00,0.00,350.00,0.00,450.00
201624599,P,7/26/2016,50.00,50.00,0.00,50.00,0.00,0.00,100.00
201624597,P,7/26/2016,25.00,25.00,0.00,0.00,0.00,0.00,25.00
201624601,P,7/26/2016,100.00,100.00,0.00,0.00,50.00,0.00,150.00
201624588,P,7/26/2016,100.00,100.00,0.00,100.00,0.00,0.00,200.00
201624587,P,7/26/2016,25.00,25.00,0.00,0.00,0.00,0.00,25.00
201624586,P,7/26/2016,25.00,25.00,0.00,0.00,0.00,0.00,25.00
201624590,P,7/26/2016,100.00,100.00,250.00,250.00,350.00,100.00,1050.00
201624591,P,7/26/2016,25.00,25.00,0.00,0.00,0.00,0.00,25.00
201624595,P,7/26/2016,100.00,100.00,0.00,0.00,0.00,0.00,100.00
201624581,P,7/26/2016,25.00,25.00,0.00,25.00,0.00,0.00,50.00
201624589,P,7/26/2016,25.00,25.00,0.00,0.00,0.00,0.00,25.00
201624619,P,7/27/2016,50.00,50.00,150.00,150.00,0.00,0.00,350.00
201624618,P,7/27/2016,50.00,50.00,0.00,0.00,0.00,100.00,150.00
201624615,P,7/27/2016,25.00,25.00,0.00,0.00,0.00,0.00,25.00
201624614,P,7/27/2016,25.00,25.00,0.00,0.00,0.00,0.00,25.00
201624613,P,7/27/2016,50.00,50.00,0.00,0.00,0.00,0.00,50.00
201624616,P,7/27/2016,25.00,25.00,0.00,0.00,0.00,0.00,25.00
201624617,P,7/27/2016,25.00,25.00,0.00,0.00,0.00,0.00,25.00
201624620,P,7/28/2016,25.00,25.00,0.00,0.00,0.00,0.00,25.00
201624621,P,7/29/2016,50.00,50.00,0.00,0.00,0.00,0.00,50.00
201624622,P,7/29/2016,25.00,25.00,0.00,0.00,0.00,0.00,25.00
201624625,P,7/30/2016,30.00,30.00,0.00,0.00,50.00,0.00,80.00
201624624,P,7/30/2016,25.00,25.00,0.00,0.00,0.00,0.00,25.00
201624626,P,8/1/2016,50.00,50.00,0.00,0.00,0.00,0.00,50.00
201624629,P,8/1/2016,25.00,25.00,0.00,0.00,0.00,0.00,25.00
201624631,P,8/1/2016,25.00,25.00,0.00,0.00,0.00,0.00,25.00
201624630,P,8/1/2016,25.00,25.00,0.00,0.00,0.00,0.00,25.00
201624628,P,8/1/2016,25.00,25.00,0.00,50.00,50.00,0.00,125.00
201624649,P,8/3/2016,25.00,25.00,0.00,0.00,0.00,0.00,25.00
201624648,P,8/3/2016,25.00,25.00,0.00,0.00,0.00,0.00,25.00
201624650,P,8/3/2016,50.00,50.00,0.00,0.00,0.00,0.00,50.00
201624651,P,8/3/2016,25.00,25.00,0.00,0.00,0.00,0.00,25.00
201624647,P,8/4/2016,25.00,25.00,0.00,0.00,0.00,0.00,25.00
201624640,P,8/5/2016,30.00,30.00,0.00,0.00,0.00,0.00,30.00
201624645,P,8/6/2016,50.00,50.00,0.00,0.00,0.00,0.00,50.00
201624646,P,8/6/2016,50.00,50.00,0.00,50.00,0.00,0.00,100.00
201624641,P,8/7/2016,25.00,25.00,0.00,0.00,0.00,0.00,25.00
201624642,P,8/7/2016,50.00,50.00,50.00,0.00,100.00,0.00,200.00
201624644,P,8/8/2016,100.00,100.00,0.00,0.00,0.00,0.00,100.00
201624643,P,8/8/2016,50.00,50.00,0.00,0.00,0.00,0.00,50.00
201624639,P,8/9/2016,25.00,25.00,0.00,0.00,0.00,0.00,25.00
201624638,P,8/9/2016,25.00,25.00,0.00,0.00,0.00,0.00,25.00
201624656,P,8/10/2016,25.00,25.00,25.00,0.00,0.00,0.00,50.00
201624660,P,8/11/2016,25.00,25.00,0.00,0.00,0.00,0.00,25.00
201624659,P,8/11/2016,25.00,25.00,0.00,0.00,0.00,0.00,25.00
201624658,P,8/11/2016,25.00,25.00,0.00,0.00,0.00,0.00,25.00
201624671,P,8/17/2016,50.00,50.00,0.00,50.00,50.00,0.00,150.00
201624670,P,8/17/2016,25.00,25.00,0.00,0.00,0.00,0.00,25.00
201624672,P,8/18/2016,50.00,50.00,0.00,50.00,0.00,0.00,100.00
201624676,P,8/19/2016,25.00,25.00,0.00,0.00,0.00,0.00,25.00
201624680,P,8/20/2016,50.00,50.00,0.00,0.00,0.00,0.00,50.00
201624678,P,8/20/2016,50.00,50.00,0.00,0.00,0.00,0.00,50.00
201624677,P,8/20/2016,25.00,25.00,0.00,0.00,0.00,0.00,25.00
201624679,P,8/20/2016,50.00,50.00,0.00,0.00,0.00,0.00,50.00
201624685,P,8/22/2016,50.00,50.00,0.00,0.00,0.00,0.00,50.00
201624684,P,8/22/2016,25.00,25.00,0.00,0.00,0.00,0.00,25.00
201624683,P,8/22/2016,25.00,25.00,0.00,0.00,0.00,0.00,25.00
201624682,P,8/22/2016,25.00,25.00,0.00,0.00,0.00,0.00,25.00
201624690,P,8/23/2016,25.00,50.00,0.00,0.00,0.00,0.00,50.00
201624692,P,8/23/2016,25.00,25.00,0.00,0.00,0.00,0.00,25.00
201624694,P,8/23/2016,25.00,25.00,0.00,0.00,0.00,0.00,25.00
201624693,P,8/23/2016,25.00,25.00,0.00,0.00,0.00,0.00,25.00
201624695,P,8/23/2016,25.00,25.00,0.00,0.00,0.00,0.00,25.00
201624696,P,8/23/2016,25.00,25.00,0.00,0.00,0.00,0.00,25.00
201624698,P,8/23/2016,100.00,100.00,0.00,0.00,0.00,0.00,100.00
201624697,P,8/23/2016,25.00,25.00,0.00,0.00,0.00,0.00,25.00
201624688,P,8/23/2016,25.00,25.00,25.00,0.00,0.00,0.00,50.00
201624689,P,8/23/2016,50.00,50.00,0.00,0.00,0.00,0.00,50.00
201624699,P,8/23/2016,25.00,25.00,0.00,0.00,0.00,0.00,25.00
201624700,P,8/24/2016,25.00,25.00,0.00,0.00,0.00,0.00,25.00
201624702,P,8/24/2016,25.00,25.00,0.00,0.00,0.00,0.00,25.00
201624703,P,8/24/2016,5.00,5.00,0.00,0.00,0.00,0.00,5.00
201624701,P,8/24/2016,50.00,50.00,0.00,0.00,0.00,0.00,50.00
201624710,P,8/25/2016,25.00,25.00,25.00,75.00,25.00,50.00,200.00
201624716,P,8/25/2016,25.00,25.00,0.00,0.00,0.00,0.00,25.00
201624715,P,8/25/2016,5.00,5.00,0.00,0.00,0.00,0.00,5.00
201624714,P,8/25/2016,25.00,25.00,0.00,0.00,0.00,0.00,25.00
201624713,P,8/25/2016,25.00,25.00,25.00,0.00,0.00,0.00,50.00
201624711,P,8/25/2016,25.00,25.00,0.00,0.00,0.00,0.00,25.00
201624712,P,8/25/2016,25.00,25.00,0.00,0.00,0.00,0.00,25.00
201624717,P,8/27/2016,100.00,100.00,0.00,0.00,0.00,0.00,100.00
201624718,P,8/27/2016,50.00,50.00,0.00,0.00,0.00,0.00,50.00
201624719,P,8/28/2016,5.00,5.00,0.00,0.00,0.00,0.00,5.00
201624744,P,8/29/2016,50.00,50.00,0.00,0.00,0.00,0.00,50.00
201624720,P,8/29/2016,25.00,25.00,0.00,0.00,0.00,0.00,25.00
201624745,P,8/30/2016,25.00,25.00,0.00,0.00,0.00,0.00,25.00
201624746,P,8/31/2016,100.00,100.00,0.00,0.00,0.00,0.00,100.00
201624747,P,9/1/2016,25.00,25.00,0.00,0.00,0.00,0.00,25.00
201624749,P,9/1/2016,25.00,25.00,0.00,0.00,0.00,0.00,25.00
201624748,P,9/1/2016,25.00,25.00,0.00,0.00,0.00,0.00,25.00
201624751,P,9/1/2016,25.00,25.00,25.00,0.00,0.00,25.00,75.00
201624750,P,9/1/2016,25.00,25.00,0.00,0.00,0.00,0.00,25.00
201624752,P,9/1/2016,25.00,25.00,0.00,0.00,0.00,0.00,25.00
201624753,P,9/1/2016,25.00,25.00,0.00,0.00,0.00,0.00,25.00
201624755,P,9/2/2016,25.00,25.00,0.00,0.00,0.00,0.00,25.00
201624754,P,9/6/2016,250.00,250.00,0.00,0.00,0.00,0.00,250.00
201624764,P,9/8/2016,25.00,25.00,0.00,0.00,0.00,0.00,25.00
201624758,P,9/8/2016,25.00,25.00,0.00,0.00,0.00,0.00,25.00
201624756,P,9/8/2016,50.00,50.00,0.00,0.00,0.00,0.00,50.00
201624763,P,9/8/2016,25.00,25.00,0.00,0.00,0.00,0.00,25.00
201624762,P,9/8/2016,50.00,50.00,0.00,0.00,0.00,0.00,50.00
201624761,P,9/8/2016,25.00,25.00,25.00,0.00,50.00,0.00,100.00
201624760,P,9/8/2016,25.00,25.00,0.00,0.00,0.00,0.00,25.00
201624759,P,9/8/2016,25.00,25.00,0.00,25.00,25.00,0.00,75.00
201624770,P,9/10/2016,25.00,25.00,0.00,0.00,0.00,0.00,25.00
201624771,P,9/10/2016,25.00,25.00,0.00,0.00,0.00,0.00,25.00
201624766,P,9/10/2016,25.00,25.00,0.00,0.00,0.00,25.00,50.00
201624765,P,9/10/2016,25.00,25.00,0.00,0.00,0.00,0.00,25.00
201624768,P,9/10/2016,25.00,25.00,0.00,0.00,0.00,0.00,25.00
201624769,P,9/10/2016,25.00,25.00,0.00,0.00,0.00,0.00,25.00
201624773,P,9/13/2016,25.00,25.00,0.00,0.00,0.00,0.00,25.00
201624772,P,9/13/2016,25.00,25.00,0.00,0.00,0.00,0.00,25.00
201624774,P,9/13/2016,25.00,25.00,50.00,50.00,50.00,0.00,175.00
201624781,P,9/14/2016,25.00,25.00,0.00,0.00,0.00,0.00,25.00
201624794,P,9/15/2016,50.00,50.00,0.00,0.00,0.00,0.00,50.00
201624783,P,9/15/2016,25.00,25.00,0.00,0.00,0.00,0.00,25.00
201624798,P,9/15/2016,25.00,25.00,0.00,0.00,0.00,0.00,25.00
201624797,P,9/15/2016,25.00,25.00,0.00,0.00,0.00,0.00,25.00
201624795,P,9/15/2016,25.00,25.00,0.00,0.00,0.00,0.00,25.00
201624792,P,9/15/2016,100.00,100.00,0.00,0.00,100.00,0.00,200.00
201624791,P,9/15/2016,25.00,25.00,0.00,0.00,0.00,0.00,25.00
201624789,P,9/15/2016,50.00,50.00,100.00,100.00,100.00,100.00,450.00
201624790,P,9/15/2016,25.00,25.00,0.00,0.00,0.00,0.00,25.00
201624787,P,9/15/2016,50.00,50.00,0.00,0.00,0.00,0.00,50.00
201624796,P,9/15/2016,100.00,100.00,100.00,0.00,0.00,0.00,200.00
201624782,P,9/15/2016,25.00,25.00,0.00,0.00,0.00,0.00,25.00
201624784,P,9/15/2016,50.00,50.00,50.00,0.00,0.00,0.00,100.00
201624785,P,9/15/2016,25.00,50.00,25.00,0.00,0.00,0.00,75.00
201624799,P,9/15/2016,25.00,25.00,0.00,0.00,0.00,0.00,25.00
201624800,P,9/15/2016,50.00,50.00,0.00,0.00,0.00,0.00,50.00
201624801,P,9/16/2016,25.00,25.00,0.00,0.00,0.00,0.00,25.00
201624802,P,9/16/2016,25.00,25.00,100.00,0.00,100.00,0.00,225.00
201624805,P,9/16/2016,50.00,50.00,0.00,50.00,50.00,0.00,150.00
201624804,P,9/16/2016,100.00,100.00,0.00,0.00,0.00,0.00,100.00
201624803,P,9/16/2016,100.00,100.00,0.00,250.00,0.00,0.00,350.00
201624806,P,9/16/2016,25.00,25.00,0.00,0.00,0.00,0.00,25.00
201624807,P,9/17/2016,25.00,25.00,0.00,0.00,0.00,0.00,25.00
201624808,P,9/17/2016,25.00,25.00,0.00,0.00,0.00,0.00,25.00
201624809,P,9/18/2016,25.00,25.00,0.00,0.00,0.00,0.00,25.00
201624810,P,9/18/2016,25.00,25.00,0.00,0.00,0.00,0.00,25.00
201624818,P,9/19/2016,25.00,25.00,0.00,25.00,50.00,0.00,100.00
201624817,P,9/19/2016,25.00,25.00,0.00,0.00,0.00,0.00,25.00
201624816,P,9/20/2016,25.00,25.00,0.00,0.00,25.00,25.00,75.00
201624826,P,9/22/2016,25.00,25.00,0.00,0.00,0.00,0.00,25.00
201624827,P,9/22/2016,25.00,25.00,0.00,0.00,0.00,0.00,25.00
201624829,P,9/22/2016,50.00,50.00,0.00,0.00,0.00,0.00,50.00
201624828,P,9/22/2016,25.00,25.00,0.00,0.00,0.00,0.00,25.00
201624830,P,9/22/2016,25.00,25.00,0.00,0.00,0.00,0.00,25.00
201624831,P,9/23/2016,30.00,30.00,0.00,0.00,0.00,0.00,30.00
201624834,P,9/24/2016,25.00,25.00,0.00,0.00,0.00,0.00,25.00
201624833,P,9/24/2016,25.00,25.00,0.00,25.00,0.00,0.00,50.00
201624832,P,9/24/2016,25.00,25.00,0.00,0.00,0.00,0.00,25.00
201624835,P,9/26/2016,25.00,25.00,0.00,0.00,0.00,0.00,25.00
201624836,P,9/27/2016,25.00,25.00,0.00,0.00,0.00,0.00,25.00
201624846,O,9/27/2016,100.00,100.00,0.00,0.00,0.00,0.00,100.00
201624845,P,9/27/2016,250.00,250.00,500.00,0.00,0.00,0.00,750.00
201624844,P,9/27/2016,250.00,250.00,500.00,0.00,500.00,0.00,1250.00
201624842,P,9/27/2016,25.00,25.00,0.00,0.00,0.00,0.00,25.00
201624843,P,9/27/2016,25.00,25.00,0.00,0.00,0.00,0.00,25.00
201624841,P,9/27/2016,25.00,25.00,0.00,0.00,0.00,0.00,25.00
201624840,P,9/27/2016,25.00,25.00,0.00,0.00,0.00,0.00,25.00
201624838,P,9/27/2016,25.00,25.00,0.00,0.00,0.00,0.00,25.00
201624839,P,9/27/2016,25.00,25.00,30.00,0.00,0.00,0.00,55.00
201624837,P,9/27/2016,25.00,25.00,0.00,0.00,0.00,0.00,25.00
201624847,P,9/28/2016,25.00,25.00,0.00,0.00,0.00,0.00,25.00
201624867,P,9/29/2016,10.00,10.00,0.00,0.00,0.00,0.00,10.00
201624868,P,9/29/2016,25.00,25.00,0.00,0.00,0.00,0.00,25.00
201624869,P,9/29/2016,50.00,50.00,0.00,50.00,50.00,0.00,150.00
201624851,P,9/30/2016,25.00,25.00,0.00,0.00,0.00,0.00,25.00
201624852,P,9/30/2016,25.00,25.00,0.00,0.00,0.00,0.00,25.00
201624855,P,9/30/2016,25.00,25.00,0.00,0.00,0.00,0.00,25.00
201624854,P,9/30/2016,25.00,25.00,0.00,0.00,0.00,0.00,25.00
201624853,P,9/30/2016,25.00,25.00,0.00,0.00,0.00,0.00,25.00
201624856,P,9/30/2016,25.00,25.00,0.00,0.00,35.00,0.00,60.00
201624858,P,9/30/2016,25.00,25.00,0.00,0.00,0.00,0.00,25.00
201624857,P,9/30/2016,25.00,25.00,0.00,0.00,0.00,0.00,25.00
201624859,P,9/30/2016,25.00,25.00,0.00,0.00,0.00,0.00,25.00
201624848,P,9/30/2016,25.00,25.00,0.00,0.00,0.00,0.00,25.00
201624849,P,9/30/2016,25.00,25.00,0.00,0.00,0.00,0.00,25.00
201624860,P,9/30/2016,50.00,50.00,0.00,0.00,0.00,0.00,50.00
201624850,P,9/30/2016,25.00,25.00,0.00,0.00,0.00,0.00,25.00
201624872,P,10/1/2016,25.00,25.00,0.00,0.00,0.00,0.00,25.00
201624871,P,10/1/2016,50.00,50.00,0.00,0.00,0.00,0.00,50.00
201624873,P,10/1/2016,25.00,25.00,0.00,0.00,0.00,0.00,25.00
201624874,P,10/1/2016,25.00,25.00,0.00,0.00,0.00,0.00,25.00
201624870,P,10/1/2016,100.00,100.00,100.00,100.00,250.00,0.00,550.00
201624875,P,10/2/2016,50.00,50.00,0.00,0.00,0.00,0.00,50.00
201624876,P,10/5/2016,25.00,25.00,0.00,0.00,0.00,0.00,25.00
201624878,P,10/5/2016,25.00,25.00,0.00,0.00,0.00,0.00,25.00
201624877,P,10/5/2016,25.00,25.00,0.00,0.00,0.00,0.00,25.00
201624879,P,10/6/2016,100.00,100.00,0.00,0.00,0.00,0.00,100.00
201624883,P,10/6/2016,25.00,25.00,0.00,0.00,0.00,0.00,25.00
201624882,P,10/6/2016,50.00,50.00,100.00,100.00,100.00,0.00,350.00
201624881,P,10/6/2016,25.00,25.00,0.00,0.00,0.00,0.00,25.00
201624880,P,10/6/2016,25.00,25.00,0.00,0.00,0.00,0.00,25.00
201624894,P,10/8/2016,25.00,25.00,40.00,120.00,120.00,70.00,375.00
201624895,P,10/8/2016,20.00,20.00,0.00,0.00,0.00,0.00,20.00
201624890,P,10/8/2016,25.00,25.00,0.00,0.00,0.00,0.00,25.00
201624889,P,10/8/2016,100.00,100.00,50.00,50.00,150.00,0.00,350.00
201624891,P,10/8/2016,25.00,25.00,0.00,0.00,0.00,0.00,25.00
201624892,P,10/8/2016,25.00,25.00,0.00,0.00,0.00,0.00,25.00
201624893,P,10/8/2016,25.00,25.00,0.00,0.00,50.00,0.00,75.00
201624897,P,10/11/2016,25.00,25.00,0.00,0.00,0.00,0.00,25.00
201624898,P,10/11/2016,25.00,25.00,25.00,0.00,35.00,0.00,85.00
201624902,P,10/15/2016,25.00,25.00,0.00,0.00,0.00,0.00,25.00
201624901,P,10/15/2016,50.00,50.00,0.00,0.00,0.00,0.00,50.00
201624900,P,10/15/2016,50.00,50.00,0.00,100.00,0.00,0.00,150.00
201624899,P,10/15/2016,50.00,50.00,50.00,50.00,150.00,0.00,300.00
201624906,P,10/15/2016,25.00,25.00,0.00,0.00,0.00,0.00,25.00
201624907,P,10/15/2016,25.00,25.00,25.00,25.00,0.00,0.00,75.00
201624904,P,10/15/2016,25.00,25.00,0.00,0.00,0.00,0.00,25.00
201624905,P,10/15/2016,25.00,25.00,0.00,0.00,0.00,0.00,25.00
201624903,P,10/15/2016,25.00,25.00,0.00,0.00,0.00,0.00,25.00
201624915,P,10/16/2016,50.00,50.00,50.00,0.00,50.00,0.00,150.00
201624916,P,10/21/2016,250.00,250.00,0.00,0.00,0.00,0.00,250.00
201624918,P,10/23/2016,25.00,25.00,0.00,0.00,0.00,0.00,25.00
201624917,P,10/23/2016,25.00,25.00,0.00,0.00,0.00,0.00,25.00
201624919,P,10/23/2016,25.00,25.00,0.00,0.00,0.00,0.00,25.00
201624920,P,10/23/2016,50.00,50.00,0.00,0.00,0.00,0.00,50.00
201624938,P,10/26/2016,25.00,25.00,25.00,0.00,25.00,0.00,75.00
201624939,P,10/28/2016,100.00,100.00,0.00,0.00,0.00,0.00,100.00
201624941,P,10/29/2016,25.00,25.00,0.00,0.00,0.00,0.00,25.00
201624940,P,10/29/2016,25.00,25.00,0.00,0.00,0.00,0.00,25.00
201624944,P,10/29/2016,20.00,20.00,0.00,0.00,0.00,0.00,20.00
201624943,P,10/29/2016,10.00,35.00,25.00,25.00,25.00,0.00,110.00
201624953,P,11/5/2016,25.00,25.00,0.00,0.00,0.00,0.00,25.00
201624954,P,11/5/2016,25.00,25.00,0.00,25.00,0.00,0.00,50.00
613487,P,11/10/2016,25.00,25.00,0.00,25.00,0.00,0.00,50.00
201624957,P,11/10/2016,1000.00,1000.00,1000.00,0.00,2000.00,0.00,4000.00
201624965,P,11/16/2016,10.00,10.00,0.00,0.00,0.00,0.00,10.00
201624969,P,11/19/2016,50.00,50.00,0.00,0.00,0.00,0.00,50.00
201624968,P,11/19/2016,25.00,25.00,0.00,0.00,0.00,0.00,25.00
201624970,P,11/19/2016,25.00,25.00,25.00,0.00,35.00,0.00,85.00
201624988,P,11/25/2016,50.00,50.00,0.00,0.00,0.00,0.00,50.00
201624986,P,11/25/2016,50.00,50.00,0.00,0.00,0.00,0.00,50.00
201624985,P,11/25/2016,25.00,25.00,25.00,0.00,0.00,0.00,50.00
201624987,P,11/25/2016,25.00,25.00,0.00,0.00,0.00,0.00,25.00
201624983,P,11/25/2016,25.00,25.00,0.00,0.00,0.00,0.00,25.00
201624984,P,11/25/2016,50.00,50.00,0.00,0.00,0.00,0.00,50.00
201624989,P,11/26/2016,25.00,25.00,0.00,0.00,0.00,0.00,25.00
201625004,P,12/7/2016,25.00,25.00,0.00,0.00,0.00,0.00,25.00
201625003,P,12/8/2016,25.00,25.00,0.00,200.00,100.00,100.00,425.00
201625015,P,12/15/2016,250.00,250.00,250.00,250.00,250.00,0.00,1000.00
201725034,P,12/27/2016,50.00,50.00,0.00,0.00,0.00,0.00,50.00
201725033,P,12/28/2016,50.00,50.00,0.00,0.00,0.00,0.00,50.00
201725036,P,12/28/2016,25.00,25.00,0.00,0.00,0.00,0.00,25.00
201725035,P,12/29/2016,25.00,25.00,0.00,0.00,0.00,0.00,25.00
201725037,P,12/29/2016,25.00,25.00,0.00,0.00,0.00,0.00,25.00
201725046,P,12/30/2016,25.00,25.00,0.00,50.00,0.00,0.00,75.00
201725047,P,12/31/2016,100.00,100.00,0.00,0.00,0.00,0.00,100.00
201725048,P,12/31/2016,25.00,25.00,0.00,0.00,0.00,0.00,25.00
201725081,P,2/5/2017,50.00,0.00,50.00,0.00,50.00,50.00,150.00
201725094,P,2/22/2017,50.00,0.00,50.00,0.00,0.00,0.00,50.00
201725177,P,4/6/2017,25.00,0.00,25.00,25.00,0.00,0.00,50.00
201725179,P,4/6/2017,25.00,0.00,25.00,0.00,0.00,0.00,25.00
201725178,P,4/6/2017,25.00,0.00,25.00,0.00,0.00,0.00,25.00
201725180,P,4/6/2017,50.00,0.00,50.00,0.00,0.00,0.00,50.00
201725181,P,4/6/2017,100.00,0.00,100.00,0.00,0.00,0.00,100.00
201725184,P,4/10/2017,25.00,0.00,25.00,0.00,0.00,0.00,25.00
201725194,P,4/12/2017,25.00,0.00,25.00,0.00,0.00,0.00,25.00
201725195,P,4/12/2017,50.00,0.00,50.00,0.00,0.00,0.00,50.00
201725193,P,4/12/2017,25.00,0.00,25.00,0.00,0.00,0.00,25.00
201725190,P,4/12/2017,100.00,0.00,100.00,0.00,0.00,0.00,100.00
201725189,P,4/12/2017,25.00,0.00,25.00,0.00,0.00,0.00,25.00
201725200,P,4/12/2017,25.00,0.00,25.00,0.00,0.00,0.00,25.00
201725198,P,4/12/2017,5.00,0.00,5.00,0.00,0.00,0.00,5.00
201725199,P,4/12/2017,25.00,0.00,25.00,0.00,0.00,0.00,25.00
201725196,P,4/12/2017,25.00,0.00,25.00,0.00,0.00,0.00,25.00
201725197,P,4/12/2017,20.00,0.00,20.00,0.00,0.00,0.00,20.00
201725191,P,4/12/2017,50.00,0.00,50.00,0.00,0.00,0.00,50.00
201725192,P,4/12/2017,50.00,0.00,50.00,0.00,0.00,0.00,50.00
201725203,P,4/12/2017,25.00,0.00,25.00,0.00,0.00,0.00,25.00
201725188,P,4/12/2017,25.00,0.00,25.00,150.00,150.00,0.00,325.00
201725201,P,4/12/2017,25.00,0.00,25.00,0.00,0.00,0.00,25.00
201725187,P,4/12/2017,25.00,0.00,25.00,0.00,0.00,0.00,25.00
201725202,P,4/12/2017,50.00,0.00,50.00,0.00,0.00,0.00,50.00
201725223,P,4/18/2017,100.00,0.00,100.00,100.00,0.00,0.00,200.00
201725224,P,4/18/2017,25.00,0.00,25.00,0.00,0.00,0.00,25.00
201725226,P,4/18/2017,25.00,0.00,25.00,0.00,0.00,0.00,25.00
201725213,P,4/18/2017,50.00,0.00,50.00,0.00,0.00,0.00,50.00
201725227,P,4/18/2017,25.00,0.00,25.00,0.00,0.00,0.00,25.00
201725218,P,4/18/2017,25.00,0.00,25.00,0.00,0.00,0.00,25.00
201725219,P,4/18/2017,25.00,0.00,25.00,0.00,0.00,0.00,25.00
201725220,P,4/18/2017,25.00,0.00,25.00,0.00,0.00,0.00,25.00
201725221,P,4/18/2017,30.00,0.00,30.00,0.00,0.00,0.00,30.00
201725225,P,4/18/2017,25.00,0.00,25.00,0.00,0.00,0.00,25.00
201725215,P,4/18/2017,25.00,0.00,25.00,0.00,0.00,0.00,25.00
201725214,P,4/18/2017,25.00,0.00,25.00,0.00,0.00,0.00,25.00
201725216,P,4/18/2017,25.00,0.00,25.00,0.00,0.00,0.00,25.00
201725217,P,4/18/2017,25.00,0.00,25.00,100.00,0.00,0.00,125.00
201725228,P,4/18/2017,100.00,0.00,100.00,0.00,100.00,0.00,200.00
201725258,P,4/24/2017,50.00,0.00,50.00,0.00,0.00,0.00,50.00
201725256,P,4/24/2017,25.00,0.00,25.00,0.00,0.00,0.00,25.00
201725257,P,4/24/2017,25.00,0.00,25.00,0.00,0.00,0.00,25.00
201725252,P,4/24/2017,25.00,0.00,25.00,0.00,0.00,0.00,25.00
201725253,P,4/24/2017,25.00,0.00,25.00,0.00,0.00,0.00,25.00
201725250,P,4/24/2017,25.00,0.00,25.00,0.00,0.00,0.00,25.00
201725259,P,4/24/2017,25.00,0.00,25.00,0.00,0.00,0.00,25.00
201725260,P,4/24/2017,25.00,0.00,25.00,0.00,0.00,0.00,25.00
201725254,P,4/24/2017,50.00,0.00,50.00,0.00,75.00,0.00,125.00
201725255,P,4/24/2017,25.00,0.00,25.00,0.00,0.00,0.00,25.00
201725251,P,4/24/2017,25.00,0.00,25.00,0.00,0.00,0.00,25.00
201725269,P,4/25/2017,25.00,0.00,25.00,0.00,0.00,0.00,25.00
201725268,P,4/25/2017,250.00,0.00,250.00,0.00,0.00,0.00,250.00
201725266,P,4/25/2017,25.00,0.00,25.00,0.00,0.00,0.00,25.00
201725267,P,4/25/2017,25.00,0.00,25.00,0.00,0.00,0.00,25.00
201725323,P,4/28/2017,100.00,0.00,100.00,0.00,0.00,0.00,100.00
201725327,P,4/28/2017,25.00,0.00,25.00,0.00,0.00,0.00,25.00
201725328,P,4/28/2017,25.00,0.00,25.00,0.00,0.00,0.00,25.00
201725329,P,4/28/2017,25.00,0.00,25.00,0.00,0.00,0.00,25.00
201725326,P,4/28/2017,25.00,0.00,25.00,0.00,0.00,0.00,25.00
201725325,P,4/28/2017,100.00,0.00,100.00,0.00,100.00,0.00,200.00
201725339,P,5/3/2017,25.00,0.00,25.00,0.00,0.00,0.00,25.00
201725365,P,5/6/2017,25.00,0.00,25.00,0.00,0.00,0.00,25.00
201725364,P,5/6/2017,25.00,0.00,25.00,0.00,0.00,0.00,25.00
201725361,P,5/6/2017,100.00,0.00,100.00,0.00,0.00,0.00,100.00
201725362,P,5/6/2017,25.00,0.00,25.00,0.00,0.00,0.00,25.00
201725369,P,5/6/2017,100.00,0.00,100.00,0.00,0.00,0.00,100.00
201725367,P,5/6/2017,25.00,0.00,25.00,0.00,0.00,0.00,25.00
201725368,P,5/6/2017,25.00,0.00,25.00,0.00,0.00,0.00,25.00
201725366,P,5/6/2017,250.00,0.00,250.00,300.00,300.00,0.00,850.00
201725363,P,5/6/2017,25.00,0.00,25.00,50.00,50.00,35.00,160.00
201725359,P,5/6/2017,10.00,0.00,10.00,0.00,0.00,0.00,10.00
201725360,P,5/6/2017,25.00,0.00,25.00,0.00,0.00,0.00,25.00
201725394,P,5/12/2017,25.00,0.00,25.00,0.00,0.00,0.00,25.00
201725395,P,5/12/2017,50.00,0.00,50.00,0.00,0.00,0.00,50.00
201725393,P,5/12/2017,25.00,0.00,25.00,0.00,0.00,0.00,25.00
201725397,P,5/12/2017,50.00,0.00,50.00,0.00,0.00,0.00,50.00
201725396,P,5/12/2017,25.00,0.00,25.00,0.00,0.00,0.00,25.00
201725392,P,5/12/2017,50.00,0.00,50.00,0.00,0.00,0.00,50.00
201725389,P,5/12/2017,25.00,0.00,25.00,0.00,0.00,0.00,25.00
201725391,P,5/12/2017,100.00,0.00,100.00,0.00,125.00,0.00,225.00
201725390,P,5/12/2017,100.00,0.00,100.00,0.00,0.00,0.00,100.00
201725421,P,5/16/2017,100.00,0.00,100.00,0.00,0.00,0.00,100.00
201725422,P,5/16/2017,25.00,0.00,25.00,50.00,300.00,250.00,625.00
201725423,P,5/16/2017,25.00,0.00,25.00,0.00,0.00,0.00,25.00
201725409,P,5/16/2017,25.00,0.00,25.00,100.00,100.00,100.00,325.00
201725419,P,5/16/2017,50.00,0.00,50.00,0.00,0.00,0.00,50.00
201725415,P,5/16/2017,25.00,0.00,25.00,0.00,0.00,0.00,25.00
201725414,P,5/16/2017,50.00,0.00,50.00,0.00,0.00,0.00,50.00
201725417,P,5/16/2017,25.00,0.00,25.00,0.00,0.00,0.00,25.00
201725416,P,5/16/2017,20.00,0.00,20.00,0.00,0.00,0.00,20.00
201725418,P,5/16/2017,25.00,0.00,25.00,0.00,0.00,0.00,25.00
201725420,P,5/16/2017,25.00,0.00,25.00,25.00,0.00,25.00,75.00
201725424,P,5/16/2017,25.00,0.00,25.00,0.00,0.00,0.00,25.00
201725410,P,5/16/2017,100.00,0.00,100.00,0.00,0.00,0.00,100.00
201725425,P,5/16/2017,50.00,0.00,50.00,0.00,0.00,0.00,50.00
201725413,P,5/16/2017,25.00,0.00,25.00,25.00,0.00,0.00,50.00
201725426,P,5/16/2017,50.00,0.00,50.00,0.00,0.00,0.00,50.00
201725412,P,5/16/2017,50.00,0.00,50.00,0.00,0.00,0.00,50.00
201725430,P,5/22/2017,50.00,0.00,50.00,0.00,0.00,0.00,50.00
201725429,P,5/22/2017,25.00,0.00,25.00,0.00,0.00,0.00,25.00
201725464,P,5/26/2017,25.00,0.00,25.00,0.00,0.00,0.00,25.00
201725450,P,5/26/2017,25.00,0.00,25.00,0.00,0.00,0.00,25.00
201725463,P,5/26/2017,50.00,0.00,50.00,0.00,0.00,0.00,50.00
201725454,P,5/26/2017,250.00,0.00,250.00,0.00,0.00,0.00,250.00
201725453,P,5/26/2017,40.00,0.00,40.00,40.00,0.00,0.00,80.00
201725467,P,5/26/2017,25.00,0.00,25.00,0.00,0.00,0.00,25.00
201725466,P,5/26/2017,25.00,0.00,25.00,0.00,0.00,0.00,25.00
201725451,P,5/26/2017,50.00,0.00,50.00,0.00,0.00,0.00,50.00
201725465,P,5/26/2017,10.00,0.00,10.00,0.00,0.00,0.00,10.00
201725452,P,5/26/2017,100.00,0.00,100.00,0.00,0.00,0.00,100.00
201725456,P,5/26/2017,25.00,0.00,25.00,0.00,0.00,0.00,25.00
201725449,P,5/26/2017,25.00,0.00,25.00,0.00,0.00,0.00,25.00
201725455,P,5/26/2017,25.00,0.00,25.00,0.00,0.00,0.00,25.00
201725457,P,5/26/2017,25.00,0.00,25.00,0.00,35.00,0.00,60.00
201725446,P,5/26/2017,25.00,0.00,25.00,0.00,0.00,0.00,25.00
201725478,P,5/26/2017,25.00,0.00,25.00,0.00,0.00,0.00,25.00
201725461,P,5/26/2017,50.00,0.00,50.00,0.00,0.00,0.00,50.00
201725448,P,5/26/2017,100.00,0.00,100.00,0.00,0.00,0.00,100.00
201725462,P,5/26/2017,25.00,0.00,25.00,0.00,0.00,0.00,25.00
201725459,P,5/26/2017,25.00,0.00,25.00,0.00,0.00,0.00,25.00
201725458,P,5/26/2017,25.00,0.00,25.00,0.00,0.00,0.00,25.00
201725460,P,5/26/2017,25.00,0.00,25.00,0.00,0.00,0.00,25.00
201725447,P,5/26/2017,25.00,0.00,25.00,0.00,0.00,0.00,25.00
201725485,P,6/2/2017,100.00,0.00,100.00,0.00,0.00,0.00,100.00
201725484,P,6/2/2017,25.00,0.00,25.00,25.00,0.00,25.00,75.00
201725494,P,6/2/2017,25.00,0.00,25.00,0.00,0.00,0.00,25.00
201725486,P,6/2/2017,25.00,0.00,25.00,0.00,0.00,0.00,25.00
201725495,P,6/2/2017,50.00,0.00,50.00,0.00,0.00,0.00,50.00
201725492,P,6/2/2017,25.00,0.00,25.00,0.00,0.00,0.00,25.00
201725493,P,6/2/2017,50.00,0.00,50.00,0.00,0.00,0.00,50.00
201725489,P,6/2/2017,25.00,0.00,25.00,0.00,0.00,0.00,25.00
201725491,P,6/2/2017,25.00,0.00,25.00,0.00,0.00,0.00,25.00
201725490,P,6/2/2017,25.00,0.00,25.00,0.00,0.00,0.00,25.00
201725488,P,6/2/2017,25.00,0.00,25.00,0.00,51.00,0.00,76.00
201725487,P,6/2/2017,25.00,0.00,25.00,0.00,0.00,0.00,25.00
201725511,P,6/7/2017,25.00,0.00,25.00,0.00,0.00,25.00,50.00
201725512,P,6/7/2017,100.00,0.00,100.00,0.00,100.00,0.00,200.00
201725516,P,6/7/2017,100.00,0.00,100.00,0.00,100.00,0.00,200.00
201725515,P,6/7/2017,100.00,0.00,100.00,0.00,0.00,0.00,100.00
201725513,P,6/7/2017,50.00,0.00,50.00,200.00,0.00,0.00,250.00
201725514,P,6/7/2017,50.00,0.00,50.00,0.00,0.00,0.00,50.00
201725518,P,6/7/2017,25.00,0.00,25.00,50.00,100.00,0.00,175.00
201725519,P,6/7/2017,25.00,0.00,25.00,0.00,25.00,0.00,50.00
201725517,P,6/7/2017,25.00,0.00,25.00,0.00,0.00,0.00,25.00
201725510,P,6/7/2017,250.00,0.00,250.00,0.00,0.00,100.00,350.00
201725509,P,6/7/2017,50.00,0.00,50.00,0.00,0.00,0.00,50.00
201725529,P,6/13/2017,25.00,0.00,25.00,0.00,0.00,0.00,25.00
201725530,P,6/13/2017,25.00,0.00,25.00,0.00,0.00,0.00,25.00
201725531,P,6/13/2017,25.00,0.00,25.00,0.00,0.00,0.00,25.00
201725528,P,6/13/2017,25.00,0.00,25.00,0.00,0.00,0.00,25.00
201725527,P,6/13/2017,50.00,0.00,50.00,0.00,0.00,0.00,50.00
201725537,P,6/13/2017,25.00,0.00,25.00,0.00,0.00,0.00,25.00
201725539,P,6/13/2017,25.00,0.00,25.00,0.00,0.00,0.00,25.00
201725526,P,6/13/2017,25.00,0.00,25.00,0.00,0.00,0.00,25.00
201725525,P,6/13/2017,25.00,0.00,25.00,0.00,0.00,0.00,25.00
201725534,P,6/13/2017,50.00,0.00,50.00,0.00,0.00,0.00,50.00
201725524,P,6/13/2017,50.00,0.00,50.00,100.00,100.00,0.00,250.00
201725538,P,6/13/2017,25.00,0.00,25.00,0.00,0.00,0.00,25.00
201725523,P,6/13/2017,25.00,0.00,25.00,0.00,0.00,0.00,25.00
201725535,P,6/13/2017,25.00,0.00,25.00,0.00,0.00,0.00,25.00
201725536,P,6/13/2017,25.00,0.00,25.00,0.00,0.00,0.00,25.00
201725532,P,6/13/2017,25.00,0.00,25.00,0.00,0.00,0.00,25.00
201725533,P,6/13/2017,100.00,0.00,100.00,0.00,0.00,0.00,100.00
201725547,P,6/16/2017,30.00,0.00,30.00,0.00,0.00,0.00,30.00
201725555,P,6/21/2017,25.00,0.00,25.00,0.00,0.00,0.00,25.00
201725556,P,6/21/2017,50.00,0.00,50.00,0.00,0.00,0.00,50.00
201725559,P,6/21/2017,25.00,0.00,25.00,0.00,0.00,0.00,25.00
201725560,P,6/21/2017,50.00,0.00,50.00,100.00,100.00,0.00,250.00
201725561,P,6/21/2017,25.00,0.00,25.00,0.00,0.00,0.00,25.00
201725557,P,6/21/2017,25.00,0.00,25.00,0.00,0.00,0.00,25.00
201725558,P,6/21/2017,100.00,0.00,100.00,0.00,0.00,0.00,100.00
201725563,P,6/21/2017,50.00,0.00,50.00,0.00,0.00,0.00,50.00
201725562,P,6/21/2017,25.00,0.00,25.00,0.00,0.00,0.00,25.00
201725552,P,6/21/2017,25.00,0.00,25.00,0.00,0.00,0.00,25.00
201725553,P,6/21/2017,25.00,0.00,25.00,0.00,0.00,0.00,25.00
201725554,P,6/21/2017,25.00,0.00,25.00,0.00,0.00,0.00,25.00
201725570,P,6/23/2017,25.00,0.00,25.00,0.00,0.00,0.00,25.00
201725572,P,6/26/2017,25.00,0.00,25.00,0.00,0.00,0.00,25.00
201725571,P,6/26/2017,25.00,0.00,25.00,0.00,0.00,0.00,25.00
201725574,P,6/27/2017,25.00,0.00,25.00,25.00,25.00,0.00,75.00
201725576,P,6/27/2017,25.00,0.00,25.00,0.00,0.00,0.00,25.00
201725577,P,6/27/2017,25.00,0.00,25.00,0.00,0.00,0.00,25.00
201725593,P,6/30/2017,25.00,0.00,25.00,0.00,0.00,0.00,25.00
201725592,P,6/30/2017,25.00,0.00,25.00,0.00,0.00,0.00,25.00
201725596,P,6/30/2017,25.00,0.00,25.00,0.00,0.00,0.00,25.00
201725595,P,6/30/2017,100.00,0.00,100.00,0.00,0.00,0.00,100.00
201725597,P,6/30/2017,100.00,0.00,100.00,0.00,0.00,0.00,100.00
201725591,P,6/30/2017,25.00,0.00,25.00,0.00,0.00,0.00,25.00
201725590,P,6/30/2017,25.00,0.00,25.00,25.00,35.00,0.00,85.00
201725594,P,6/30/2017,100.00,0.00,100.00,0.00,0.00,0.00,100.00
201725601,P,6/30/2017,50.00,0.00,50.00,0.00,0.00,0.00,50.00
201725589,P,6/30/2017,50.00,0.00,50.00,0.00,0.00,0.00,50.00
201725588,P,6/30/2017,100.00,0.00,100.00,100.00,100.00,0.00,300.00
201725600,P,6/30/2017,25.00,0.00,25.00,0.00,0.00,0.00,25.00
201725587,P,6/30/2017,50.00,0.00,50.00,0.00,0.00,50.00,100.00
201725603,P,6/30/2017,50.00,0.00,50.00,0.00,0.00,0.00,50.00
201725602,P,6/30/2017,25.00,0.00,25.00,0.00,0.00,0.00,25.00
201725599,P,6/30/2017,25.00,0.00,25.00,50.00,0.00,50.00,125.00
201725598,P,6/30/2017,25.00,0.00,25.00,0.00,0.00,0.00,25.00
201725615,P,7/5/2017,25.00,0.00,25.00,0.00,0.00,0.00,25.00
201725614,P,7/5/2017,25.00,0.00,25.00,0.00,0.00,0.00,25.00
201725608,P,7/5/2017,250.00,0.00,250.00,0.00,0.00,0.00,250.00
201725617,P,7/5/2017,100.00,0.00,100.00,100.00,100.00,100.00,400.00
201725616,P,7/5/2017,100.00,0.00,100.00,100.00,0.00,0.00,200.00
201725618,P,7/5/2017,100.00,0.00,100.00,0.00,0.00,0.00,100.00
201725619,P,7/5/2017,40.00,0.00,40.00,0.00,0.00,0.00,40.00
201725620,P,7/5/2017,25.00,0.00,25.00,25.00,35.00,0.00,85.00
201725606,P,7/5/2017,25.00,0.00,25.00,0.00,0.00,0.00,25.00
201725622,P,7/5/2017,25.00,0.00,25.00,0.00,35.00,0.00,60.00
201725621,P,7/5/2017,25.00,0.00,25.00,0.00,0.00,0.00,25.00
201725612,P,7/5/2017,50.00,0.00,50.00,0.00,0.00,0.00,50.00
201725613,P,7/5/2017,50.00,0.00,50.00,0.00,0.00,0.00,50.00
201725624,P,7/5/2017,25.00,0.00,25.00,0.00,0.00,0.00,25.00
201725610,P,7/5/2017,25.00,0.00,25.00,0.00,0.00,0.00,25.00
201725611,P,7/5/2017,25.00,0.00,25.00,0.00,0.00,0.00,25.00
201725623,P,7/5/2017,25.00,0.00,25.00,0.00,0.00,0.00,25.00
201725609,P,7/5/2017,25.00,0.00,25.00,0.00,0.00,0.00,25.00
201725645,P,7/10/2017,25.00,0.00,25.00,0.00,0.00,0.00,25.00
201725643,P,7/10/2017,25.00,0.00,25.00,0.00,0.00,0.00,25.00
201725647,P,7/10/2017,250.00,0.00,250.00,0.00,250.00,0.00,500.00
201725646,P,7/10/2017,100.00,0.00,100.00,0.00,0.00,0.00,100.00
201725648,P,7/10/2017,25.00,0.00,25.00,0.00,0.00,0.00,25.00
201725644,P,7/10/2017,25.00,0.00,25.00,0.00,0.00,0.00,25.00
201725642,P,7/10/2017,50.00,0.00,50.00,0.00,0.00,0.00,50.00
201725641,P,7/10/2017,50.00,0.00,50.00,50.00,0.00,0.00,100.00
201725636,P,7/10/2017,50.00,0.00,50.00,50.00,0.00,0.00,100.00
201725637,P,7/10/2017,25.00,0.00,25.00,0.00,0.00,0.00,25.00
201725640,P,7/10/2017,25.00,0.00,25.00,0.00,0.00,0.00,25.00
201725638,P,7/10/2017,25.00,0.00,25.00,0.00,0.00,0.00,25.00
201725639,P,7/10/2017,25.00,0.00,25.00,0.00,0.00,0.00,25.00
201725635,P,7/10/2017,25.00,0.00,25.00,0.00,0.00,0.00,25.00
201725650,P,7/10/2017,25.00,0.00,25.00,0.00,0.00,0.00,25.00
201725649,P,7/10/2017,100.00,0.00,100.00,0.00,0.00,0.00,100.00
201725656,P,7/12/2017,100.00,0.00,100.00,250.00,350.00,250.00,950.00
201725658,P,7/12/2017,25.00,0.00,25.00,0.00,0.00,0.00,25.00
201725659,P,7/12/2017,25.00,0.00,25.00,0.00,0.00,0.00,25.00
201725660,P,7/12/2017,100.00,0.00,100.00,0.00,0.00,0.00,100.00
201725657,P,7/12/2017,25.00,0.00,25.00,0.00,0.00,0.00,25.00
201725661,P,7/12/2017,50.00,0.00,50.00,0.00,0.00,0.00,50.00
201725662,P,7/12/2017,25.00,0.00,25.00,0.00,0.00,0.00,25.00
201725663,P,7/12/2017,50.00,0.00,100.00,0.00,100.00,0.00,200.00
201725654,P,7/12/2017,7.00,0.00,7.00,0.00,0.00,0.00,7.00
201725652,P,7/12/2017,50.00,0.00,50.00,0.00,0.00,0.00,50.00
201725653,P,7/12/2017,25.00,0.00,25.00,0.00,0.00,0.00,25.00
201725666,P,7/12/2017,25.00,0.00,25.00,0.00,0.00,0.00,25.00
201725664,P,7/12/2017,25.00,0.00,25.00,0.00,0.00,0.00,25.00
201725651,P,7/12/2017,25.00,0.00,25.00,0.00,0.00,0.00,25.00
201725665,P,7/12/2017,25.00,0.00,25.00,0.00,0.00,0.00,25.00
201725685,O,7/17/2017,50.00,0.00,50.00,0.00,0.00,0.00,50.00
201725681,P,7/17/2017,25.00,0.00,25.00,0.00,0.00,0.00,25.00
201725674,P,7/17/2017,25.00,0.00,25.00,0.00,0.00,0.00,25.00
201725682,P,7/17/2017,25.00,0.00,25.00,0.00,0.00,0.00,25.00
201725680,P,7/17/2017,25.00,0.00,25.00,0.00,0.00,0.00,25.00
201725678,P,7/17/2017,25.00,0.00,25.00,0.00,0.00,0.00,25.00
201725677,P,7/17/2017,25.00,0.00,25.00,0.00,0.00,0.00,25.00
201725679,P,7/17/2017,25.00,0.00,25.00,0.00,0.00,0.00,25.00
201725675,P,7/17/2017,25.00,0.00,25.00,0.00,0.00,0.00,25.00
201725676,P,7/17/2017,50.00,0.00,50.00,0.00,100.00,100.00,250.00
201725689,P,7/24/2017,50.00,0.00,50.00,0.00,0.00,0.00,50.00
201725688,P,7/24/2017,25.00,0.00,25.00,0.00,0.00,0.00,25.00
201725690,P,7/24/2017,25.00,0.00,25.00,0.00,0.00,0.00,25.00
201725695,P,7/25/2017,25.00,0.00,25.00,0.00,0.00,25.00,50.00
201725694,P,7/25/2017,100.00,0.00,100.00,0.00,0.00,0.00,100.00
201725693,P,7/25/2017,25.00,0.00,25.00,0.00,0.00,0.00,25.00
201725699,P,7/25/2017,25.00,0.00,25.00,0.00,0.00,0.00,25.00
201725700,P,7/25/2017,25.00,0.00,25.00,0.00,0.00,0.00,25.00
201725698,P,7/25/2017,25.00,0.00,25.00,0.00,0.00,0.00,25.00
201725696,P,7/25/2017,25.00,0.00,25.00,0.00,0.00,0.00,25.00
201725697,P,7/25/2017,50.00,0.00,50.00,0.00,0.00,0.00,50.00
201725692,P,7/25/2017,25.00,0.00,25.00,0.00,0.00,0.00,25.00
201725701,P,7/25/2017,25.00,0.00,25.00,0.00,0.00,0.00,25.00
201725718,P,7/29/2017,5.00,0.00,5.00,0.00,0.00,0.00,5.00
201725719,P,7/31/2017,25.00,0.00,25.00,0.00,0.00,0.00,25.00
201725720,P,7/31/2017,25.00,0.00,25.00,0.00,0.00,0.00,25.00
201725721,P,7/31/2017,50.00,0.00,50.00,0.00,0.00,0.00,50.00
201725722,P,7/31/2017,25.00,0.00,25.00,0.00,0.00,0.00,25.00
201725724,P,7/31/2017,25.00,0.00,25.00,0.00,0.00,0.00,25.00
201725723,P,7/31/2017,35.00,0.00,35.00,0.00,0.00,0.00,35.00
201725749,P,8/11/2017,25.00,0.00,25.00,0.00,0.00,0.00,25.00
201725747,P,8/14/2017,25.00,0.00,25.00,0.00,0.00,0.00,25.00
201725740,O,8/14/2017,250.00,0.00,250.00,0.00,0.00,0.00,250.00
201725745,P,8/14/2017,25.00,0.00,25.00,0.00,0.00,0.00,25.00
201725746,P,8/14/2017,25.00,0.00,25.00,0.00,0.00,0.00,25.00
201725748,P,8/14/2017,50.00,0.00,50.00,0.00,0.00,0.00,50.00
201725754,P,8/18/2017,25.00,0.00,25.00,0.00,0.00,0.00,25.00
201725753,P,8/18/2017,100.00,0.00,100.00,0.00,0.00,0.00,100.00
201725752,P,8/18/2017,250.00,0.00,250.00,500.00,6000.00,0.00,6750.00
201725774,P,8/21/2017,25.00,0.00,25.00,0.00,0.00,0.00,25.00
201725775,P,8/21/2017,25.00,0.00,25.00,0.00,0.00,0.00,25.00
201725776,P,8/21/2017,25.00,0.00,25.00,0.00,0.00,0.00,25.00
201725777,P,8/22/2017,25.00,0.00,25.00,0.00,0.00,0.00,25.00
201725778,P,8/23/2017,25.00,0.00,25.00,0.00,50.00,50.00,125.00
201725779,P,8/24/2017,40.00,0.00,40.00,0.00,0.00,0.00,40.00
201725780,P,8/25/2017,25.00,0.00,25.00,0.00,0.00,0.00,25.00
201725781,P,8/26/2017,25.00,0.00,25.00,0.00,0.00,0.00,25.00
201725782,P,8/26/2017,20.00,0.00,20.00,0.00,0.00,0.00,20.00
201725783,P,8/27/2017,25.00,0.00,25.00,0.00,0.00,0.00,25.00
201725786,P,8/27/2017,25.00,0.00,25.00,0.00,50.00,0.00,75.00
201725785,P,8/27/2017,25.00,0.00,25.00,0.00,0.00,0.00,25.00
201725784,P,8/27/2017,25.00,0.00,25.00,0.00,0.00,0.00,25.00
201725810,P,9/3/2017,25.00,0.00,25.00,0.00,0.00,0.00,25.00
201725811,P,9/4/2017,25.00,0.00,25.00,0.00,0.00,0.00,25.00
201725813,P,9/4/2017,25.00,0.00,25.00,0.00,100.00,0.00,125.00
201725812,P,9/4/2017,25.00,0.00,25.00,0.00,0.00,0.00,25.00
201725814,P,9/5/2017,25.00,0.00,25.00,0.00,0.00,0.00,25.00
201725817,P,9/5/2017,25.00,0.00,25.00,0.00,0.00,0.00,25.00
201725815,P,9/5/2017,50.00,0.00,50.00,0.00,0.00,0.00,50.00
201725816,P,9/5/2017,50.00,0.00,50.00,0.00,0.00,0.00,50.00
201725819,P,9/5/2017,50.00,0.00,50.00,0.00,0.00,0.00,50.00
201725818,P,9/5/2017,25.00,0.00,25.00,0.00,0.00,25.00,50.00
201725822,P,9/6/2017,25.00,0.00,25.00,0.00,0.00,0.00,25.00
201725820,P,9/6/2017,25.00,0.00,25.00,0.00,0.00,0.00,25.00
201725821,P,9/6/2017,25.00,0.00,25.00,0.00,0.00,0.00,25.00
201725823,P,9/7/2017,25.00,0.00,25.00,0.00,0.00,0.00,25.00
201725824,P,9/8/2017,25.00,0.00,25.00,0.00,0.00,0.00,25.00
201725825,P,9/8/2017,25.00,0.00,25.00,0.00,0.00,0.00,25.00
201725826,P,9/11/2017,25.00,0.00,25.00,25.00,0.00,0.00,50.00
201725828,P,9/13/2017,50.00,0.00,50.00,0.00,0.00,0.00,50.00
201725827,P,9/13/2017,50.00,0.00,50.00,0.00,0.00,0.00,50.00
201725829,P,9/13/2017,25.00,0.00,25.00,0.00,25.00,25.00,75.00
201725831,P,9/14/2017,25.00,0.00,25.00,0.00,0.00,0.00,25.00
201725830,P,9/14/2017,25.00,0.00,25.00,0.00,0.00,0.00,25.00
201725841,P,9/15/2017,25.00,0.00,25.00,25.00,35.00,0.00,85.00
201725843,P,9/15/2017,25.00,0.00,25.00,0.00,0.00,0.00,25.00
201725842,P,9/15/2017,250.00,0.00,250.00,0.00,0.00,0.00,250.00
201725844,P,9/18/2017,25.00,0.00,25.00,0.00,0.00,0.00,25.00
201725846,P,9/18/2017,25.00,0.00,25.00,0.00,0.00,0.00,25.00
201725845,P,9/18/2017,25.00,0.00,25.00,0.00,0.00,0.00,25.00
201725853,P,9/18/2017,25.00,0.00,25.00,0.00,0.00,0.00,25.00
201725852,P,9/18/2017,50.00,0.00,50.00,0.00,0.00,0.00,50.00
201725848,P,9/18/2017,25.00,0.00,25.00,50.00,100.00,250.00,425.00
201725847,P,9/18/2017,25.00,0.00,25.00,0.00,0.00,0.00,25.00
201725849,P,9/18/2017,25.00,0.00,25.00,0.00,0.00,0.00,25.00
201725851,P,9/18/2017,50.00,0.00,50.00,0.00,0.00,0.00,50.00
201725850,P,9/18/2017,100.00,0.00,100.00,0.00,0.00,0.00,100.00
201725855,P,9/20/2017,50.00,0.00,50.00,0.00,0.00,0.00,50.00
201725856,P,9/20/2017,50.00,0.00,50.00,0.00,0.00,0.00,50.00
201725871,P,9/25/2017,100.00,0.00,100.00,0.00,0.00,0.00,100.00
201725877,P,9/25/2017,25.00,0.00,25.00,25.00,0.00,0.00,50.00
201725874,P,9/25/2017,25.00,0.00,25.00,0.00,0.00,0.00,25.00
201725876,P,9/25/2017,25.00,0.00,25.00,0.00,0.00,0.00,25.00
201725873,P,9/25/2017,25.00,0.00,25.00,0.00,0.00,0.00,25.00
201725864,P,9/25/2017,25.00,0.00,25.00,0.00,0.00,0.00,25.00
201725869,P,9/25/2017,25.00,0.00,25.00,0.00,0.00,0.00,25.00
201725868,P,9/25/2017,25.00,0.00,25.00,0.00,0.00,0.00,25.00
201725865,P,9/25/2017,25.00,0.00,25.00,0.00,0.00,0.00,25.00
201725872,P,9/25/2017,30.00,0.00,30.00,0.00,0.00,0.00,30.00
201725867,P,9/25/2017,25.00,0.00,25.00,0.00,0.00,0.00,25.00
201725866,P,9/25/2017,25.00,0.00,25.00,0.00,0.00,0.00,25.00
201725870,P,9/25/2017,50.00,0.00,50.00,0.00,0.00,0.00,50.00
201725875,P,9/25/2017,50.00,0.00,50.00,50.00,0.00,100.00,200.00
201725888,P,10/2/2017,20.00,0.00,20.00,0.00,0.00,0.00,20.00
201725882,P,10/2/2017,50.00,0.00,50.00,100.00,0.00,0.00,150.00
201725887,P,10/2/2017,50.00,0.00,50.00,0.00,0.00,0.00,50.00
201725886,P,10/2/2017,25.00,0.00,25.00,50.00,50.00,0.00,125.00
201725885,P,10/2/2017,25.00,0.00,25.00,0.00,0.00,0.00,25.00
201725884,P,10/2/2017,25.00,0.00,25.00,0.00,0.00,0.00,25.00
201725880,P,10/2/2017,25.00,0.00,25.00,0.00,0.00,0.00,25.00
201725883,P,10/2/2017,25.00,0.00,25.00,0.00,0.00,0.00,25.00
201725881,P,10/2/2017,25.00,0.00,25.00,0.00,0.00,0.00,25.00
201725893,P,10/3/2017,25.00,0.00,25.00,0.00,0.00,0.00,25.00
201725894,P,10/5/2017,100.00,0.00,100.00,100.00,150.00,0.00,350.00
201725895,P,10/5/2017,25.00,0.00,25.00,25.00,50.00,0.00,100.00
201725905,P,10/7/2017,25.00,0.00,25.00,0.00,0.00,0.00,25.00
201725906,P,10/7/2017,50.00,0.00,50.00,0.00,0.00,0.00,50.00
201725910,P,10/7/2017,25.00,0.00,25.00,0.00,0.00,0.00,25.00
201725907,P,10/7/2017,100.00,0.00,100.00,0.00,0.00,0.00,100.00
201725908,P,10/7/2017,5.00,0.00,5.00,0.00,0.00,0.00,5.00
201725909,P,10/7/2017,25.00,0.00,25.00,0.00,0.00,0.00,25.00
201725921,P,10/9/2017,25.00,0.00,25.00,0.00,0.00,0.00,25.00
201725920,P,10/9/2017,25.00,0.00,25.00,0.00,0.00,0.00,25.00
201725919,P,10/9/2017,50.00,0.00,50.00,0.00,0.00,0.00,50.00
201725918,P,10/9/2017,25.00,0.00,25.00,0.00,0.00,0.00,25.00
201725917,P,10/9/2017,25.00,0.00,25.00,0.00,0.00,0.00,25.00
201725915,P,10/9/2017,25.00,0.00,25.00,0.00,0.00,0.00,25.00
201725916,P,10/9/2017,25.00,0.00,25.00,0.00,0.00,0.00,25.00
201725914,P,10/9/2017,25.00,0.00,25.00,0.00,0.00,0.00,25.00
201725913,P,10/9/2017,25.00,0.00,25.00,0.00,0.00,0.00,25.00
201725912,P,10/9/2017,25.00,0.00,25.00,0.00,0.00,0.00,25.00
201725911,P,10/9/2017,50.00,0.00,50.00,0.00,0.00,0.00,50.00
201725950,P,10/11/2017,25.00,0.00,25.00,0.00,0.00,0.00,25.00
201725949,P,10/11/2017,25.00,0.00,25.00,0.00,0.00,0.00,25.00
201725956,P,10/17/2017,25.00,0.00,25.00,0.00,0.00,0.00,25.00
201725955,P,10/17/2017,25.00,0.00,25.00,0.00,0.00,0.00,25.00
201725957,P,10/17/2017,25.00,0.00,25.00,0.00,0.00,0.00,25.00
201725959,P,10/17/2017,50.00,0.00,50.00,100.00,0.00,0.00,150.00
201725958,P,10/17/2017,50.00,0.00,50.00,0.00,0.00,0.00,50.00
201725961,P,10/23/2017,50.00,0.00,50.00,50.00,100.00,0.00,200.00
201725964,P,10/25/2017,25.00,0.00,25.00,0.00,0.00,0.00,25.00
201725966,P,10/25/2017,100.00,0.00,100.00,0.00,0.00,0.00,100.00
201725965,P,10/25/2017,100.00,0.00,100.00,0.00,0.00,100.00,200.00
201725978,P,10/27/2017,25.00,0.00,25.00,0.00,0.00,0.00,25.00
201725976,P,10/27/2017,25.00,0.00,25.00,0.00,0.00,0.00,25.00
201725979,P,10/27/2017,50.00,0.00,50.00,0.00,0.00,0.00,50.00
201725977,P,10/27/2017,25.00,0.00,25.00,0.00,0.00,0.00,25.00
201725974,P,10/27/2017,50.00,0.00,50.00,0.00,0.00,0.00,50.00
201725975,P,10/27/2017,25.00,0.00,25.00,0.00,0.00,50.00,75.00
201725980,P,10/28/2017,25.00,0.00,25.00,0.00,0.00,0.00,25.00
201725981,P,10/28/2017,25.00,0.00,25.00,0.00,0.00,0.00,25.00
201725982,P,10/30/2017,25.00,0.00,25.00,0.00,0.00,0.00,25.00
201725984,P,10/30/2017,100.00,0.00,100.00,0.00,0.00,0.00,100.00
201725985,P,10/30/2017,25.00,0.00,25.00,25.00,0.00,0.00,50.00
201725986,P,10/30/2017,50.00,0.00,50.00,0.00,0.00,0.00,50.00
201725999,P,11/2/2017,25.00,0.00,25.00,0.00,0.00,0.00,25.00
201726002,P,11/16/2017,25.00,0.00,25.00,0.00,0.00,0.00,25.00
201726004,P,11/16/2017,25.00,0.00,25.00,0.00,0.00,0.00,25.00
201726005,P,11/16/2017,100.00,0.00,100.00,0.00,0.00,0.00,100.00
201726003,P,11/16/2017,25.00,0.00,25.00,0.00,0.00,0.00,25.00
201726006,P,11/16/2017,25.00,0.00,25.00,0.00,0.00,0.00,25.00
201726027,P,11/21/2017,25.00,0.00,25.00,0.00,0.00,0.00,25.00
201726026,P,11/21/2017,25.00,0.00,25.00,0.00,0.00,0.00,25.00
201726031,P,11/21/2017,25.00,0.00,25.00,0.00,0.00,0.00,25.00
201726029,P,11/21/2017,25.00,0.00,25.00,0.00,0.00,0.00,25.00
201726028,P,11/21/2017,25.00,0.00,25.00,0.00,0.00,0.00,25.00
201726030,P,11/21/2017,50.00,0.00,50.00,0.00,0.00,0.00,50.00
201726032,P,11/24/2017,25.00,0.00,25.00,0.00,0.00,0.00,25.00
201726034,P,11/24/2017,25.00,0.00,25.00,0.00,0.00,0.00,25.00
201726033,P,11/24/2017,25.00,0.00,25.00,0.00,0.00,0.00,25.00
201726035,P,11/24/2017,25.00,0.00,25.00,0.00,0.00,0.00,25.00
201725983,P,11/30/2017,25.00,0.00,25.00,0.00,0.00,0.00,25.00
201726066,P,12/8/2017,25.00,0.00,25.00,0.00,50.00,0.00,75.00
201726095,P,12/27/2017,50.00,0.00,50.00,0.00,0.00,0.00,50.00
201726097,P,12/27/2017,25.00,0.00,25.00,0.00,0.00,0.00,25.00
201726096,P,12/27/2017,25.00,0.00,25.00,0.00,0.00,0.00,25.00
201826160,P,2/18/2018,50.00,0.00,0.00,50.00,0.00,0.00,50.00
201826178,P,3/5/2018,50.00,0.00,0.00,50.00,0.00,0.00,50.00
201826179,P,3/5/2018,25.00,0.00,0.00,25.00,50.00,0.00,75.00
201826223,P,3/14/2018,25.00,0.00,0.00,25.00,35.00,0.00,60.00
201826224,P,3/16/2018,100.00,0.00,0.00,100.00,0.00,0.00,100.00
201826225,P,3/16/2018,25.00,0.00,0.00,25.00,0.00,0.00,25.00
201826227,P,3/17/2018,100.00,0.00,0.00,100.00,0.00,0.00,100.00
201826226,P,3/17/2018,50.00,0.00,0.00,50.00,0.00,0.00,50.00
201826294,P,3/18/2018,25.00,0.00,0.00,25.00,25.00,0.00,50.00
201826228,P,3/18/2018,50.00,0.00,0.00,50.00,0.00,0.00,50.00
201826229,P,3/19/2018,25.00,0.00,0.00,25.00,0.00,0.00,25.00
201826230,P,3/22/2018,25.00,0.00,0.00,25.00,0.00,0.00,25.00
201826207,P,3/26/2018,25.00,0.00,0.00,25.00,0.00,0.00,25.00
201826241,P,3/26/2018,100.00,0.00,0.00,100.00,0.00,0.00,100.00
201826232,P,3/26/2018,50.00,0.00,0.00,50.00,0.00,0.00,50.00
201826208,P,3/26/2018,100.00,0.00,0.00,100.00,0.00,0.00,100.00
201826210,P,3/26/2018,50.00,0.00,0.00,50.00,0.00,0.00,50.00
201826231,P,3/26/2018,100.00,0.00,0.00,100.00,0.00,0.00,100.00
201826209,P,3/26/2018,25.00,0.00,0.00,25.00,0.00,0.00,25.00
201826239,P,3/26/2018,100.00,0.00,0.00,100.00,0.00,0.00,100.00
201826238,P,3/26/2018,25.00,0.00,0.00,25.00,0.00,0.00,25.00
201826234,P,3/26/2018,25.00,0.00,0.00,25.00,0.00,0.00,25.00
201826211,P,3/26/2018,25.00,0.00,0.00,25.00,0.00,0.00,25.00
201826235,P,3/26/2018,25.00,0.00,0.00,25.00,0.00,0.00,25.00
201826206,P,3/26/2018,25.00,0.00,0.00,25.00,0.00,0.00,25.00
201826233,P,3/26/2018,25.00,0.00,0.00,25.00,0.00,0.00,25.00
201826237,P,3/26/2018,25.00,0.00,0.00,25.00,0.00,0.00,25.00
201826236,P,3/26/2018,25.00,0.00,0.00,25.00,0.00,0.00,25.00
201826240,P,3/26/2018,100.00,0.00,0.00,100.00,0.00,0.00,100.00
201826247,P,3/27/2018,50.00,0.00,0.00,50.00,0.00,0.00,50.00
201826205,P,3/27/2018,25.00,0.00,0.00,50.00,0.00,0.00,50.00
201826246,P,3/28/2018,25.00,0.00,0.00,25.00,0.00,0.00,25.00
201826260,P,3/31/2018,25.00,0.00,0.00,25.00,0.00,0.00,25.00
201826259,P,3/31/2018,25.00,0.00,0.00,25.00,0.00,0.00,25.00
201826258,P,4/1/2018,25.00,0.00,0.00,25.00,0.00,0.00,25.00
201826304,P,4/11/2018,25.00,0.00,0.00,25.00,0.00,0.00,25.00
201826303,P,4/11/2018,25.00,0.00,0.00,25.00,0.00,0.00,25.00
201826305,P,4/11/2018,50.00,0.00,0.00,50.00,0.00,0.00,50.00
201826306,P,4/11/2018,25.00,0.00,0.00,25.00,0.00,0.00,25.00
201826308,P,4/11/2018,25.00,0.00,0.00,25.00,0.00,0.00,25.00
201826307,P,4/11/2018,25.00,0.00,0.00,25.00,0.00,0.00,25.00
201826295,P,4/11/2018,100.00,0.00,0.00,100.00,0.00,100.00,200.00
201826296,P,4/11/2018,25.00,0.00,0.00,25.00,0.00,0.00,25.00
201826297,P,4/11/2018,25.00,0.00,0.00,25.00,0.00,0.00,25.00
201826301,P,4/11/2018,50.00,0.00,0.00,50.00,0.00,0.00,50.00
201826300,P,4/11/2018,50.00,0.00,0.00,50.00,0.00,50.00,100.00
201826302,P,4/11/2018,50.00,0.00,0.00,50.00,0.00,0.00,50.00
201826298,P,4/11/2018,25.00,0.00,0.00,25.00,0.00,0.00,25.00
201826299,P,4/11/2018,25.00,0.00,0.00,25.00,35.00,0.00,60.00
201826312,P,4/12/2018,40.00,0.00,0.00,40.00,0.00,0.00,40.00
201826313,P,4/12/2018,25.00,0.00,0.00,25.00,0.00,0.00,25.00
201826311,P,4/12/2018,100.00,0.00,0.00,100.00,0.00,0.00,100.00
201826310,P,4/12/2018,100.00,0.00,0.00,100.00,0.00,0.00,100.00
201826309,P,4/12/2018,25.00,0.00,0.00,25.00,0.00,0.00,25.00
201826314,P,4/15/2018,30.00,0.00,0.00,30.00,50.00,100.00,180.00
201826316,P,4/16/2018,25.00,0.00,0.00,35.00,35.00,0.00,70.00
201826317,P,4/16/2018,100.00,0.00,0.00,100.00,0.00,0.00,100.00
201826315,P,4/16/2018,25.00,0.00,0.00,25.00,0.00,0.00,25.00
201826318,P,4/16/2018,100.00,0.00,0.00,100.00,0.00,0.00,100.00
201826325,P,4/17/2018,25.00,0.00,0.00,25.00,0.00,0.00,25.00
201826326,P,4/17/2018,25.00,0.00,0.00,25.00,0.00,0.00,25.00
201826328,P,4/18/2018,50.00,0.00,0.00,50.00,0.00,0.00,50.00
201826329,P,4/18/2018,100.00,0.00,0.00,100.00,100.00,0.00,200.00
201826330,P,4/21/2018,25.00,0.00,0.00,25.00,0.00,0.00,25.00
201826332,P,4/22/2018,50.00,0.00,0.00,50.00,0.00,0.00,50.00
201826331,P,4/22/2018,50.00,0.00,0.00,50.00,0.00,0.00,50.00
201826333,P,4/22/2018,25.00,0.00,0.00,25.00,0.00,0.00,25.00
201826334,P,4/23/2018,25.00,0.00,0.00,25.00,0.00,0.00,25.00
201826335,P,4/25/2018,50.00,0.00,0.00,100.00,100.00,0.00,200.00
201826346,P,4/26/2018,25.00,0.00,0.00,25.00,0.00,0.00,25.00
201826345,P,4/26/2018,5.00,0.00,0.00,5.00,0.00,0.00,5.00
201826343,P,4/26/2018,25.00,0.00,0.00,25.00,0.00,0.00,25.00
201826344,P,4/26/2018,25.00,0.00,0.00,25.00,0.00,0.00,25.00
201826342,P,4/26/2018,25.00,0.00,0.00,25.00,500.00,0.00,525.00
201826341,P,4/26/2018,25.00,0.00,0.00,25.00,0.00,0.00,25.00
201826339,P,4/26/2018,25.00,0.00,0.00,25.00,0.00,0.00,25.00
201826338,P,4/26/2018,25.00,0.00,0.00,25.00,0.00,0.00,25.00
201826347,P,4/26/2018,100.00,0.00,0.00,200.00,0.00,0.00,200.00
201826336,P,4/26/2018,25.00,0.00,0.00,25.00,0.00,0.00,25.00
201826337,P,4/26/2018,25.00,0.00,0.00,75.00,50.00,0.00,125.00
201826360,P,4/30/2018,25.00,0.00,0.00,25.00,150.00,0.00,175.00
201826361,P,4/30/2018,25.00,0.00,0.00,25.00,0.00,0.00,25.00
201826359,P,4/30/2018,25.00,0.00,0.00,25.00,0.00,0.00,25.00
201826362,P,4/30/2018,25.00,0.00,0.00,25.00,0.00,0.00,25.00
201826381,P,5/3/2018,25.00,0.00,0.00,25.00,0.00,0.00,25.00
201826380,P,5/3/2018,25.00,0.00,0.00,25.00,0.00,0.00,25.00
201826384,P,5/7/2018,25.00,0.00,0.00,25.00,0.00,0.00,25.00
201826382,P,5/7/2018,25.00,0.00,0.00,25.00,0.00,0.00,25.00
201826383,P,5/7/2018,25.00,0.00,0.00,25.00,0.00,0.00,25.00
201826385,P,5/7/2018,25.00,0.00,0.00,25.00,0.00,0.00,25.00
201826389,P,5/7/2018,100.00,0.00,0.00,100.00,0.00,0.00,100.00
201826388,P,5/7/2018,50.00,0.00,0.00,50.00,0.00,0.00,50.00
201826387,P,5/7/2018,25.00,0.00,0.00,25.00,0.00,0.00,25.00
201826386,P,5/7/2018,25.00,0.00,0.00,25.00,0.00,0.00,25.00
201826404,P,5/12/2018,100.00,0.00,0.00,100.00,100.00,0.00,200.00
201826405,P,5/12/2018,25.00,0.00,0.00,25.00,0.00,0.00,25.00
201826406,P,5/12/2018,25.00,0.00,0.00,25.00,0.00,0.00,25.00
201826407,P,5/13/2018,25.00,0.00,0.00,25.00,0.00,0.00,25.00
201826409,P,5/13/2018,25.00,0.00,0.00,25.00,0.00,0.00,25.00
201826408,P,5/13/2018,25.00,0.00,0.00,25.00,0.00,0.00,25.00
201826419,P,5/14/2018,100.00,0.00,0.00,100.00,0.00,0.00,100.00
201826423,P,5/17/2018,25.00,0.00,0.00,25.00,0.00,0.00,25.00
201826418,P,5/17/2018,25.00,0.00,0.00,25.00,0.00,0.00,25.00
201826424,P,5/17/2018,100.00,0.00,0.00,100.00,0.00,0.00,100.00
201826421,P,5/20/2018,100.00,0.00,0.00,100.00,0.00,0.00,100.00
201826422,P,5/20/2018,25.00,0.00,0.00,25.00,0.00,0.00,25.00
201826428,P,5/22/2018,25.00,0.00,0.00,25.00,0.00,0.00,25.00
201826427,P,5/22/2018,100.00,0.00,0.00,100.00,200.00,100.00,400.00
201826429,P,5/22/2018,25.00,0.00,0.00,25.00,0.00,0.00,25.00
201826426,P,5/22/2018,100.00,0.00,0.00,100.00,0.00,0.00,100.00
201826425,P,5/22/2018,25.00,0.00,0.00,25.00,0.00,0.00,25.00
201826430,P,5/23/2018,25.00,0.00,0.00,25.00,0.00,0.00,25.00
201826432,P,5/24/2018,25.00,0.00,0.00,25.00,25.00,0.00,50.00
201826433,P,5/24/2018,25.00,0.00,0.00,25.00,0.00,0.00,25.00
201826434,P,5/24/2018,25.00,0.00,0.00,25.00,0.00,0.00,25.00
201826431,P,5/24/2018,25.00,0.00,0.00,25.00,0.00,0.00,25.00
201826462,P,5/25/2018,10.00,0.00,0.00,10.00,0.00,0.00,10.00
201826464,P,5/29/2018,25.00,0.00,0.00,25.00,0.00,0.00,25.00
201826465,P,5/30/2018,25.00,0.00,0.00,25.00,0.00,0.00,25.00
201826468,P,5/30/2018,50.00,0.00,0.00,50.00,50.00,50.00,150.00
201826466,P,5/30/2018,25.00,0.00,0.00,25.00,0.00,0.00,25.00
201826467,P,5/30/2018,25.00,0.00,0.00,25.00,0.00,0.00,25.00
201826469,P,5/30/2018,100.00,0.00,0.00,100.00,0.00,0.00,100.00
201826470,P,5/30/2018,25.00,0.00,0.00,50.00,0.00,0.00,50.00
201826471,P,5/31/2018,25.00,0.00,0.00,25.00,0.00,0.00,25.00
201826485,P,6/1/2018,25.00,0.00,0.00,25.00,0.00,0.00,25.00
201826484,P,6/1/2018,50.00,0.00,0.00,50.00,0.00,0.00,50.00
201826482,P,6/1/2018,25.00,0.00,0.00,25.00,0.00,0.00,25.00
201826481,P,6/1/2018,25.00,0.00,0.00,25.00,0.00,0.00,25.00
201826483,P,6/1/2018,25.00,0.00,0.00,25.00,0.00,0.00,25.00
201826486,P,6/3/2018,25.00,0.00,0.00,25.00,0.00,0.00,25.00
201826487,P,6/3/2018,25.00,0.00,0.00,25.00,0.00,0.00,25.00
201826488,P,6/3/2018,25.00,0.00,0.00,25.00,0.00,0.00,25.00
201826489,P,6/3/2018,20.00,0.00,0.00,20.00,0.00,0.00,20.00
201826490,P,6/3/2018,25.00,0.00,0.00,25.00,0.00,0.00,25.00
201826491,P,6/4/2018,25.00,0.00,0.00,25.00,0.00,0.00,25.00
201826492,P,6/4/2018,50.00,0.00,0.00,50.00,0.00,0.00,50.00
201826493,P,6/4/2018,25.00,0.00,0.00,25.00,0.00,0.00,25.00
201826518,P,6/6/2018,25.00,0.00,0.00,25.00,0.00,0.00,25.00
201826519,P,6/8/2018,25.00,0.00,0.00,25.00,0.00,0.00,25.00
201826521,P,6/10/2018,25.00,0.00,0.00,25.00,0.00,0.00,25.00
201826520,P,6/10/2018,25.00,0.00,0.00,25.00,0.00,0.00,25.00
201826522,P,6/13/2018,100.00,0.00,0.00,100.00,0.00,0.00,100.00
201826530,P,6/13/2018,25.00,0.00,0.00,25.00,0.00,0.00,25.00
201826531,P,6/15/2018,25.00,0.00,0.00,25.00,0.00,0.00,25.00
201826532,P,6/18/2018,5.00,0.00,0.00,5.00,0.00,0.00,5.00
201826535,P,6/18/2018,25.00,0.00,0.00,25.00,0.00,0.00,25.00
201826534,P,6/18/2018,100.00,0.00,0.00,100.00,0.00,0.00,100.00
201826533,P,6/18/2018,25.00,0.00,0.00,25.00,10.00,0.00,35.00
201826539,P,6/19/2018,25.00,0.00,0.00,25.00,0.00,0.00,25.00
201826541,P,6/20/2018,100.00,0.00,0.00,100.00,100.00,0.00,200.00
201826542,P,6/20/2018,50.00,0.00,0.00,50.00,100.00,0.00,150.00
201826540,P,6/20/2018,25.00,0.00,0.00,25.00,0.00,0.00,25.00
201826543,P,6/20/2018,50.00,0.00,0.00,50.00,100.00,0.00,150.00
201826544,P,6/21/2018,25.00,0.00,0.00,25.00,0.00,0.00,25.00
201826565,P,6/25/2018,25.00,0.00,0.00,25.00,200.00,0.00,225.00
201826564,P,6/25/2018,25.00,0.00,0.00,25.00,0.00,10.00,35.00
201826566,P,6/26/2018,25.00,0.00,0.00,25.00,0.00,0.00,25.00
201826569,P,6/26/2018,25.00,0.00,0.00,25.00,0.00,0.00,25.00
201826570,P,6/27/2018,25.00,0.00,0.00,25.00,0.00,0.00,25.00
201826576,P,6/29/2018,25.00,0.00,0.00,25.00,0.00,0.00,25.00
201826577,P,6/29/2018,25.00,0.00,0.00,25.00,0.00,0.00,25.00
201826580,P,7/2/2018,25.00,0.00,0.00,25.00,0.00,25.00,50.00
201826579,P,7/2/2018,50.00,0.00,0.00,50.00,50.00,0.00,100.00
201826586,P,7/3/2018,25.00,0.00,0.00,25.00,0.00,0.00,25.00
201826588,P,7/5/2018,25.00,0.00,0.00,25.00,0.00,0.00,25.00
201826587,P,7/5/2018,100.00,0.00,0.00,100.00,150.00,0.00,250.00
201826603,P,7/6/2018,25.00,0.00,0.00,25.00,0.00,0.00,25.00
201826605,P,7/11/2018,25.00,0.00,0.00,25.00,0.00,0.00,25.00
201826604,P,7/11/2018,25.00,0.00,0.00,25.00,0.00,0.00,25.00
201826621,P,7/16/2018,100.00,0.00,0.00,100.00,300.00,0.00,400.00
201826618,P,7/16/2018,25.00,0.00,0.00,25.00,100.00,0.00,125.00
201826619,P,7/16/2018,25.00,0.00,0.00,25.00,0.00,0.00,25.00
201826620,P,7/16/2018,25.00,0.00,0.00,25.00,0.00,0.00,25.00
201826632,P,7/19/2018,50.00,0.00,0.00,50.00,0.00,0.00,50.00
201826633,P,7/25/2018,50.00,0.00,0.00,50.00,0.00,0.00,50.00
201826634,P,7/25/2018,25.00,0.00,0.00,25.00,0.00,0.00,25.00
201826635,P,7/26/2018,100.00,0.00,0.00,100.00,0.00,0.00,100.00
201826643,P,7/29/2018,25.00,0.00,0.00,25.00,0.00,0.00,25.00
201826644,P,7/29/2018,25.00,0.00,0.00,25.00,50.00,0.00,75.00
201826662,P,8/1/2018,10.00,0.00,0.00,10.00,0.00,0.00,10.00
201826663,P,8/5/2018,25.00,0.00,0.00,25.00,0.00,0.00,25.00
201826665,P,8/5/2018,25.00,0.00,0.00,25.00,0.00,0.00,25.00
201826664,P,8/5/2018,50.00,0.00,0.00,50.00,0.00,0.00,50.00
201826666,P,8/8/2018,25.00,0.00,0.00,25.00,0.00,0.00,25.00
201826682,P,8/12/2018,30.00,0.00,0.00,30.00,50.00,50.00,130.00
201826681,P,8/12/2018,25.00,0.00,0.00,25.00,0.00,0.00,25.00
201826680,P,8/12/2018,25.00,0.00,0.00,25.00,0.00,0.00,25.00
201826679,P,8/14/2018,100.00,0.00,0.00,100.00,0.00,0.00,100.00
201826706,P,8/17/2018,25.00,0.00,0.00,25.00,0.00,0.00,25.00
201826705,P,8/21/2018,30.00,0.00,0.00,30.00,0.00,0.00,30.00
201826707,P,8/22/2018,25.00,0.00,0.00,25.00,0.00,0.00,25.00
201826709,P,8/22/2018,50.00,0.00,0.00,50.00,0.00,0.00,50.00
201826714,P,8/22/2018,25.00,0.00,0.00,25.00,0.00,0.00,25.00
201826708,P,8/22/2018,100.00,0.00,0.00,100.00,100.00,0.00,200.00
201826710,P,8/22/2018,25.00,0.00,0.00,25.00,25.00,0.00,50.00
201826711,P,8/24/2018,25.00,0.00,0.00,25.00,0.00,25.00,50.00
201826712,P,8/24/2018,25.00,0.00,0.00,25.00,0.00,0.00,25.00
201826713,P,8/24/2018,25.00,0.00,0.00,25.00,0.00,0.00,25.00
201826740,P,8/28/2018,25.00,0.00,0.00,25.00,0.00,0.00,25.00
201826738,P,8/28/2018,50.00,0.00,0.00,50.00,50.00,0.00,100.00
201826739,P,8/28/2018,50.00,0.00,0.00,50.00,0.00,0.00,50.00
201826741,P,8/31/2018,25.00,0.00,0.00,25.00,0.00,0.00,25.00
201826746,P,9/3/2018,25.00,0.00,0.00,25.00,0.00,0.00,25.00
201826745,P,9/3/2018,25.00,0.00,0.00,25.00,62.00,0.00,87.00
201826744,P,9/3/2018,25.00,0.00,0.00,25.00,0.00,0.00,25.00
201826742,P,9/3/2018,25.00,0.00,0.00,25.00,0.00,0.00,25.00
201826743,P,9/3/2018,25.00,0.00,0.00,25.00,0.00,0.00,25.00
201826756,P,9/10/2018,25.00,0.00,0.00,25.00,0.00,0.00,25.00
201826754,P,9/10/2018,20.00,0.00,0.00,20.00,0.00,0.00,20.00
201826751,P,9/10/2018,10.00,0.00,0.00,10.00,0.00,0.00,10.00
201826753,P,9/10/2018,100.00,0.00,0.00,100.00,100.00,0.00,200.00
201826750,P,9/10/2018,50.00,0.00,0.00,50.00,0.00,0.00,50.00
201826747,P,9/10/2018,25.00,0.00,0.00,25.00,0.00,0.00,25.00
201826748,P,9/10/2018,50.00,0.00,0.00,50.00,50.00,50.00,150.00
201826755,P,9/10/2018,25.00,0.00,0.00,25.00,0.00,0.00,25.00
201826749,P,9/10/2018,25.00,0.00,0.00,25.00,0.00,0.00,25.00
201826752,P,9/10/2018,25.00,0.00,0.00,25.00,200.00,100.00,325.00
201826761,P,9/11/2018,25.00,0.00,0.00,25.00,0.00,0.00,25.00
201826760,P,9/11/2018,100.00,0.00,0.00,100.00,0.00,0.00,100.00
201826785,P,9/20/2018,25.00,0.00,0.00,25.00,0.00,0.00,25.00
201826787,P,9/24/2018,25.00,0.00,0.00,25.00,0.00,0.00,25.00
201826788,P,9/24/2018,25.00,0.00,0.00,25.00,0.00,0.00,25.00
201826786,P,9/24/2018,25.00,0.00,0.00,25.00,25.00,50.00,100.00
201826789,P,9/24/2018,500.00,0.00,0.00,500.00,500.00,0.00,1000.00
201826784,P,9/26/2018,50.00,0.00,0.00,50.00,0.00,0.00,50.00
201826783,P,9/28/2018,100.00,0.00,0.00,100.00,0.00,0.00,100.00
201826782,P,9/28/2018,50.00,0.00,0.00,50.00,0.00,0.00,50.00
201826781,P,9/30/2018,25.00,0.00,0.00,25.00,0.00,0.00,25.00
201826805,P,10/3/2018,100.00,0.00,0.00,100.00,0.00,0.00,100.00
201826806,P,10/3/2018,50.00,0.00,0.00,50.00,0.00,0.00,50.00
201826804,P,10/4/2018,25.00,0.00,0.00,25.00,0.00,0.00,25.00
201826802,P,10/4/2018,25.00,0.00,0.00,25.00,0.00,0.00,25.00
201826803,P,10/4/2018,50.00,0.00,0.00,50.00,0.00,25.00,75.00
201826816,P,10/8/2018,25.00,0.00,0.00,25.00,0.00,0.00,25.00
201826815,P,10/8/2018,25.00,0.00,0.00,25.00,0.00,25.00,50.00
201826812,P,10/8/2018,50.00,0.00,0.00,50.00,0.00,0.00,50.00
201826814,P,10/8/2018,25.00,0.00,0.00,25.00,0.00,0.00,25.00
201826811,P,10/8/2018,50.00,0.00,0.00,50.00,0.00,0.00,50.00
201826813,P,10/8/2018,25.00,0.00,0.00,25.00,0.00,0.00,25.00
201826808,P,10/8/2018,25.00,0.00,0.00,25.00,0.00,0.00,25.00
201826807,P,10/8/2018,25.00,0.00,0.00,25.00,0.00,0.00,25.00
201826809,P,10/8/2018,25.00,0.00,0.00,25.00,0.00,0.00,25.00
201826810,P,10/8/2018,25.00,0.00,0.00,25.00,0.00,0.00,25.00
201827430,P,10/14/2018,25.00,0.00,0.00,25.00,0.00,0.00,25.00
201827429,P,10/15/2018,25.00,0.00,0.00,25.00,0.00,0.00,25.00
201827432,P,10/17/2018,25.00,0.00,0.00,25.00,0.00,0.00,25.00
201827431,P,10/17/2018,25.00,0.00,0.00,25.00,0.00,0.00,25.00
201827433,P,10/17/2018,25.00,0.00,0.00,25.00,0.00,0.00,25.00
201827436,P,10/22/2018,25.00,0.00,0.00,25.00,0.00,0.00,25.00
201827435,P,10/22/2018,50.00,0.00,0.00,50.00,0.00,0.00,50.00
201827428,P,10/28/2018,25.00,0.00,0.00,25.00,0.00,0.00,25.00
201827427,P,10/29/2018,25.00,0.00,0.00,25.00,0.00,0.00,25.00
201827426,P,10/29/2018,100.00,0.00,0.00,100.00,0.00,0.00,100.00
201827473,P,11/4/2018,15.00,0.00,0.00,15.00,0.00,0.00,15.00
201827467,P,11/8/2018,20.00,0.00,0.00,20.00,0.00,0.00,20.00
201827466,P,11/8/2018,100.00,0.00,0.00,100.00,0.00,0.00,100.00
201827468,P,11/11/2018,25.00,0.00,0.00,25.00,0.00,0.00,25.00
201827469,P,11/15/2018,25.00,0.00,0.00,50.00,30.00,0.00,80.00
201827471,P,11/20/2018,25.00,0.00,0.00,25.00,0.00,0.00,25.00
201827472,P,11/20/2018,25.00,0.00,0.00,25.00,0.00,0.00,25.00
201827470,P,11/20/2018,25.00,0.00,0.00,25.00,0.00,0.00,25.00
201827515,P,11/23/2018,25.00,0.00,0.00,25.00,0.00,0.00,25.00
201827516,P,11/25/2018,100.00,0.00,0.00,100.00,0.00,0.00,100.00
201927562,P,12/23/2018,100.00,0.00,0.00,100.00,0.00,0.00,100.00
201927652,P,3/8/2019,50.00,0.00,0.00,0.00,50.00,0.00,50.00
201927653,P,3/10/2019,25.00,0.00,0.00,0.00,60.00,0.00,60.00
201927651,P,3/10/2019,100.00,0.00,0.00,0.00,100.00,0.00,100.00
201927649,P,3/11/2019,25.00,0.00,0.00,0.00,25.00,40.00,65.00
201927650,P,3/11/2019,25.00,0.00,0.00,0.00,25.00,0.00,25.00
201927667,P,3/12/2019,25.00,0.00,0.00,0.00,25.00,0.00,25.00
201927665,P,3/12/2019,25.00,0.00,0.00,0.00,25.00,0.00,25.00
201927666,P,3/12/2019,50.00,0.00,0.00,0.00,50.00,0.00,50.00
201927676,P,3/19/2019,25.00,0.00,0.00,0.00,25.00,0.00,25.00
201927678,P,3/19/2019,25.00,0.00,0.00,0.00,25.00,0.00,25.00
201927677,P,3/19/2019,50.00,0.00,0.00,0.00,50.00,0.00,50.00
201927689,P,3/20/2019,25.00,0.00,0.00,0.00,25.00,25.00,50.00
201927690,P,3/26/2019,25.00,0.00,0.00,0.00,25.00,0.00,25.00
201927703,P,3/27/2019,25.00,0.00,0.00,0.00,25.00,0.00,25.00
201927702,P,3/27/2019,25.00,0.00,0.00,0.00,25.00,0.00,25.00
201927707,P,3/27/2019,25.00,0.00,0.00,0.00,25.00,0.00,25.00
201927706,P,3/27/2019,25.00,0.00,0.00,0.00,25.00,0.00,25.00
201927701,P,3/27/2019,25.00,0.00,0.00,0.00,25.00,0.00,25.00
201927705,P,3/27/2019,25.00,0.00,0.00,0.00,25.00,0.00,25.00
201927704,P,3/27/2019,25.00,0.00,0.00,0.00,25.00,0.00,25.00
201927698,P,3/27/2019,25.00,0.00,0.00,0.00,25.00,0.00,25.00
201927697,P,3/27/2019,50.00,0.00,0.00,0.00,50.00,0.00,50.00
201927699,P,3/27/2019,25.00,0.00,0.00,0.00,25.00,0.00,25.00
201927700,P,3/27/2019,25.00,0.00,0.00,0.00,25.00,0.00,25.00
201927708,P,3/28/2019,50.00,0.00,0.00,0.00,50.00,0.00,50.00
201927729,P,4/9/2019,25.00,0.00,0.00,0.00,25.00,0.00,25.00
201927730,P,4/9/2019,100.00,0.00,0.00,0.00,100.00,0.00,100.00
201927750,P,4/10/2019,50.00,0.00,0.00,0.00,50.00,0.00,50.00
201927748,P,4/12/2019,25.00,0.00,0.00,0.00,25.00,0.00,25.00
201927749,P,4/12/2019,25.00,0.00,0.00,0.00,25.00,0.00,25.00
201927746,P,4/15/2019,25.00,0.00,0.00,0.00,25.00,25.00,50.00
201927759,P,4/15/2019,25.00,0.00,0.00,0.00,25.00,0.00,25.00
201927751,P,4/15/2019,25.00,0.00,0.00,0.00,25.00,0.00,25.00
201927756,P,4/15/2019,25.00,0.00,0.00,0.00,60.00,25.00,85.00
201927755,P,4/15/2019,50.00,0.00,0.00,0.00,50.00,0.00,50.00
201927753,P,4/15/2019,25.00,0.00,0.00,0.00,25.00,0.00,25.00
201927754,P,4/15/2019,100.00,0.00,0.00,0.00,200.00,0.00,200.00
201927758,P,4/15/2019,25.00,0.00,0.00,0.00,25.00,25.00,50.00
201927757,P,4/15/2019,25.00,0.00,0.00,0.00,25.00,0.00,25.00
201927747,P,4/15/2019,100.00,0.00,0.00,0.00,100.00,0.00,100.00
201927760,P,4/15/2019,50.00,0.00,0.00,0.00,50.00,0.00,50.00
201927752,P,4/15/2019,25.00,0.00,0.00,0.00,25.00,0.00,25.00
201927744,P,4/16/2019,25.00,0.00,0.00,0.00,25.00,0.00,25.00
201927745,P,4/16/2019,25.00,0.00,0.00,0.00,25.00,0.00,25.00
201927743,P,4/16/2019,50.00,0.00,0.00,0.00,50.00,0.00,50.00
201927774,P,4/18/2019,25.00,0.00,0.00,0.00,25.00,0.00,25.00
201927775,P,4/18/2019,50.00,0.00,0.00,0.00,50.00,50.00,100.00
201927777,P,4/22/2019,25.00,0.00,0.00,0.00,25.00,0.00,25.00
201927776,P,4/22/2019,25.00,0.00,0.00,0.00,25.00,10.00,35.00
201927779,P,4/25/2019,50.00,0.00,0.00,0.00,50.00,0.00,50.00
201927778,P,4/25/2019,25.00,0.00,0.00,0.00,25.00,0.00,25.00
201927791,P,4/30/2019,25.00,0.00,0.00,0.00,25.00,0.00,25.00
201927789,P,5/2/2019,25.00,0.00,0.00,0.00,25.00,0.00,25.00
201927790,P,5/2/2019,100.00,0.00,0.00,0.00,100.00,0.00,100.00
201927807,P,5/3/2019,25.00,0.00,0.00,0.00,25.00,0.00,25.00
201927817,P,5/3/2019,50.00,0.00,0.00,0.00,50.00,0.00,50.00
201927816,P,5/3/2019,25.00,0.00,0.00,0.00,25.00,0.00,25.00
201927814,P,5/5/2019,25.00,0.00,0.00,0.00,25.00,0.00,25.00
201927813,P,5/5/2019,25.00,0.00,0.00,0.00,25.00,0.00,25.00
201927815,P,5/5/2019,50.00,0.00,0.00,0.00,150.00,0.00,150.00
201927812,P,5/6/2019,25.00,0.00,0.00,0.00,25.00,0.00,25.00
201927811,P,5/6/2019,10.00,0.00,0.00,0.00,10.00,0.00,10.00
201927810,P,5/6/2019,25.00,0.00,0.00,0.00,25.00,0.00,25.00
201927808,P,5/6/2019,25.00,0.00,0.00,0.00,25.00,0.00,25.00
201927809,P,5/6/2019,25.00,0.00,0.00,0.00,25.00,0.00,25.00
201927806,P,5/7/2019,50.00,0.00,0.00,0.00,50.00,0.00,50.00
201927805,P,5/7/2019,100.00,0.00,0.00,0.00,100.00,0.00,100.00
201927800,P,5/8/2019,50.00,0.00,0.00,0.00,50.00,0.00,50.00
201927801,P,5/8/2019,50.00,0.00,0.00,0.00,50.00,0.00,50.00
201927803,P,5/8/2019,25.00,0.00,0.00,0.00,25.00,0.00,25.00
201927804,P,5/8/2019,50.00,0.00,0.00,0.00,50.00,0.00,50.00
201927802,P,5/8/2019,25.00,0.00,0.00,0.00,25.00,0.00,25.00
201927837,P,5/10/2019,50.00,0.00,0.00,0.00,50.00,0.00,50.00
201927835,P,5/10/2019,25.00,0.00,0.00,0.00,25.00,0.00,25.00
201927836,P,5/13/2019,25.00,0.00,0.00,0.00,25.00,0.00,25.00
201927834,P,5/14/2019,25.00,0.00,0.00,0.00,25.00,25.00,50.00
201927833,P,5/15/2019,50.00,0.00,0.00,0.00,50.00,0.00,50.00
201927832,P,5/16/2019,25.00,0.00,0.00,0.00,25.00,0.00,25.00
201927853,P,5/17/2019,50.00,0.00,0.00,0.00,50.00,0.00,50.00
201927852,P,5/20/2019,25.00,0.00,0.00,0.00,25.00,0.00,25.00
201927850,P,5/20/2019,25.00,0.00,0.00,0.00,25.00,0.00,25.00
201927851,P,5/20/2019,25.00,0.00,0.00,0.00,25.00,0.00,25.00
201927848,P,5/21/2019,50.00,0.00,0.00,0.00,50.00,0.00,50.00
201927847,P,5/21/2019,25.00,0.00,0.00,0.00,25.00,0.00,25.00
201927849,P,5/21/2019,25.00,0.00,0.00,0.00,25.00,0.00,25.00
201927874,P,5/24/2019,25.00,0.00,0.00,0.00,25.00,0.00,25.00
201927873,P,5/28/2019,100.00,0.00,0.00,0.00,100.00,0.00,100.00
201927875,P,5/30/2019,25.00,0.00,0.00,0.00,25.00,0.00,25.00
201927879,P,5/31/2019,25.00,0.00,0.00,0.00,25.00,0.00,25.00
201927878,P,5/31/2019,25.00,0.00,0.00,0.00,125.00,0.00,125.00
201927876,P,6/2/2019,25.00,0.00,0.00,0.00,25.00,0.00,25.00
201927877,P,6/2/2019,100.00,0.00,0.00,0.00,100.00,50.00,150.00
201927925,P,6/6/2019,25.00,0.00,0.00,0.00,25.00,0.00,25.00
201927927,P,6/6/2019,25.00,0.00,0.00,0.00,25.00,0.00,25.00
201927929,P,6/6/2019,25.00,0.00,0.00,0.00,25.00,0.00,25.00
201927930,P,6/6/2019,50.00,0.00,0.00,0.00,150.00,100.00,250.00
201927928,P,6/6/2019,25.00,0.00,0.00,0.00,25.00,0.00,25.00
201927926,P,6/6/2019,25.00,0.00,0.00,0.00,25.00,0.00,25.00
201927922,P,6/7/2019,25.00,0.00,0.00,0.00,25.00,0.00,25.00
201927923,P,6/7/2019,25.00,0.00,0.00,0.00,25.00,0.00,25.00
201927931,P,6/7/2019,100.00,0.00,0.00,0.00,100.00,0.00,100.00
201927921,P,6/7/2019,25.00,0.00,0.00,0.00,25.00,0.00,25.00
201927924,P,6/7/2019,25.00,0.00,0.00,0.00,25.00,0.00,25.00
201927920,P,6/7/2019,50.00,0.00,0.00,0.00,50.00,0.00,50.00
201927894,P,6/10/2019,25.00,0.00,0.00,0.00,25.00,0.00,25.00
201927903,P,6/10/2019,25.00,0.00,0.00,0.00,25.00,0.00,25.00
201927897,P,6/10/2019,250.00,0.00,0.00,0.00,250.00,0.00,250.00
201927895,P,6/10/2019,30.00,0.00,0.00,0.00,30.00,0.00,30.00
201927905,P,6/10/2019,25.00,0.00,0.00,0.00,25.00,0.00,25.00
201927904,P,6/10/2019,25.00,0.00,0.00,0.00,25.00,0.00,25.00
201927899,P,6/10/2019,50.00,0.00,0.00,0.00,50.00,0.00,50.00
201927902,P,6/10/2019,25.00,0.00,0.00,0.00,25.00,0.00,25.00
201927901,P,6/10/2019,25.00,0.00,0.00,0.00,25.00,0.00,25.00
201927900,P,6/10/2019,100.00,0.00,0.00,0.00,100.00,0.00,100.00
201927892,P,6/10/2019,25.00,0.00,0.00,0.00,25.00,0.00,25.00
201927911,P,6/10/2019,25.00,0.00,0.00,0.00,25.00,0.00,25.00
201927893,P,6/10/2019,25.00,0.00,0.00,0.00,25.00,0.00,25.00
201927898,P,6/10/2019,50.00,0.00,0.00,0.00,50.00,0.00,50.00
201927896,P,6/10/2019,25.00,0.00,0.00,0.00,25.00,0.00,25.00
201927945,P,6/12/2019,50.00,0.00,0.00,0.00,50.00,0.00,50.00
201927944,P,6/12/2019,25.00,0.00,0.00,0.00,25.00,0.00,25.00
201927943,P,6/13/2019,100.00,0.00,0.00,0.00,100.00,0.00,100.00
201927946,P,6/13/2019,25.00,0.00,0.00,0.00,25.00,0.00,25.00
201927947,P,6/13/2019,25.00,0.00,0.00,0.00,25.00,0.00,25.00
201927941,P,6/13/2019,25.00,0.00,0.00,0.00,25.00,0.00,25.00
201927942,P,6/13/2019,25.00,0.00,0.00,0.00,25.00,0.00,25.00
201927991,P,6/14/2019,25.00,0.00,0.00,0.00,25.00,0.00,25.00
201927990,P,6/18/2019,25.00,0.00,0.00,0.00,25.00,0.00,25.00
201927989,P,6/19/2019,25.00,0.00,0.00,0.00,60.00,0.00,60.00
201927988,P,6/20/2019,25.00,0.00,0.00,0.00,25.00,0.00,25.00
201927987,P,6/24/2019,25.00,0.00,0.00,0.00,60.00,0.00,60.00
201927986,P,6/24/2019,100.00,0.00,0.00,0.00,100.00,0.00,100.00
201927985,P,6/25/2019,25.00,0.00,0.00,0.00,25.00,0.00,25.00
201927981,P,6/26/2019,25.00,0.00,0.00,0.00,25.00,0.00,25.00
201927983,P,6/26/2019,25.00,0.00,0.00,0.00,25.00,0.00,25.00
201927982,P,6/26/2019,25.00,0.00,0.00,0.00,25.00,0.00,25.00
201927984,P,6/27/2019,25.00,0.00,0.00,0.00,25.00,0.00,25.00
201928028,P,7/1/2019,25.00,0.00,0.00,0.00,25.00,0.00,25.00
201928027,P,7/1/2019,25.00,0.00,0.00,0.00,25.00,0.00,25.00
201928029,P,7/1/2019,50.00,0.00,0.00,0.00,50.00,0.00,50.00
201928025,P,7/1/2019,100.00,0.00,0.00,0.00,100.00,0.00,100.00
201928033,P,7/2/2019,50.00,0.00,0.00,0.00,50.00,0.00,50.00
201928030,P,7/2/2019,40.00,0.00,0.00,0.00,40.00,0.00,40.00
201928026,P,7/2/2019,25.00,0.00,0.00,0.00,25.00,0.00,25.00
201928031,P,7/2/2019,25.00,0.00,0.00,0.00,25.00,25.00,50.00
201928095,P,7/2/2019,25.00,0.00,0.00,0.00,25.00,0.00,25.00
201928032,P,7/2/2019,25.00,0.00,0.00,0.00,25.00,0.00,25.00
201928034,P,7/4/2019,25.00,0.00,0.00,0.00,25.00,0.00,25.00
201928037,P,7/8/2019,25.00,0.00,0.00,0.00,25.00,0.00,25.00
201928035,P,7/9/2019,5.00,0.00,0.00,0.00,5.00,0.00,5.00
201928036,P,7/10/2019,25.00,0.00,0.00,0.00,25.00,0.00,25.00
201928072,P,7/12/2019,25.00,0.00,0.00,0.00,25.00,0.00,25.00
201928071,P,7/16/2019,1000.00,0.00,0.00,0.00,1000.00,0.00,1000.00
201928097,P,7/26/2019,25.00,0.00,0.00,0.00,25.00,0.00,25.00
201928093,P,7/29/2019,25.00,0.00,0.00,0.00,25.00,0.00,25.00
201928096,P,7/29/2019,25.00,0.00,0.00,0.00,25.00,0.00,25.00
201928094,P,7/29/2019,25.00,0.00,0.00,0.00,25.00,0.00,25.00
201928098,P,7/30/2019,50.00,0.00,0.00,0.00,85.00,25.00,110.00
201928123,P,8/6/2019,25.00,0.00,0.00,0.00,25.00,0.00,25.00
201928120,P,8/12/2019,25.00,0.00,0.00,0.00,25.00,0.00,25.00
201928117,P,8/12/2019,25.00,0.00,0.00,0.00,25.00,0.00,25.00
201928119,P,8/12/2019,25.00,0.00,0.00,0.00,25.00,0.00,25.00
201928122,P,8/13/2019,100.00,0.00,0.00,0.00,100.00,0.00,100.00
201928121,P,8/13/2019,25.00,0.00,0.00,0.00,25.00,0.00,25.00
201928118,P,8/14/2019,25.00,0.00,0.00,0.00,25.00,0.00,25.00
201928153,P,8/19/2019,25.00,0.00,0.00,0.00,60.00,0.00,60.00
201928150,P,8/22/2019,100.00,0.00,0.00,0.00,100.00,0.00,100.00
201928152,P,8/22/2019,50.00,0.00,0.00,0.00,50.00,0.00,50.00
201928151,P,8/22/2019,25.00,0.00,0.00,0.00,25.00,0.00,25.00
201928167,P,8/27/2019,25.00,0.00,0.00,0.00,25.00,0.00,25.00
201928168,P,8/28/2019,25.00,0.00,0.00,0.00,25.00,50.00,75.00
201928173,P,8/28/2019,50.00,0.00,0.00,0.00,50.00,0.00,50.00
201928174,P,8/28/2019,25.00,0.00,0.00,0.00,25.00,0.00,25.00
201928172,P,9/2/2019,25.00,0.00,0.00,0.00,25.00,25.00,50.00
201928171,P,9/2/2019,25.00,0.00,0.00,0.00,25.00,25.00,50.00
201928170,P,9/2/2019,25.00,0.00,0.00,0.00,25.00,0.00,25.00
201928180,P,9/4/2019,25.00,0.00,0.00,0.00,25.00,0.00,25.00
201928177,P,9/11/2019,25.00,0.00,0.00,0.00,25.00,50.00,75.00
201928178,P,9/11/2019,25.00,0.00,0.00,0.00,25.00,0.00,25.00
201928179,P,9/11/2019,25.00,0.00,0.00,0.00,25.00,0.00,25.00
201928182,P,9/12/2019,25.00,0.00,0.00,0.00,25.00,0.00,25.00
201928183,P,9/12/2019,25.00,0.00,0.00,0.00,25.00,0.00,25.00
201928181,P,9/12/2019,50.00,0.00,0.00,0.00,50.00,0.00,50.00
201928184,P,9/17/2019,25.00,0.00,0.00,0.00,25.00,0.00,25.00
201928176,P,9/17/2019,25.00,0.00,0.00,0.00,25.00,0.00,25.00
201928190,P,9/19/2019,25.00,0.00,0.00,0.00,25.00,0.00,25.00
201928191,P,9/20/2019,25.00,0.00,0.00,0.00,25.00,0.00,25.00
201928192,P,9/20/2019,50.00,0.00,0.00,0.00,50.00,50.00,100.00
201928189,P,9/23/2019,25.00,0.00,0.00,0.00,60.00,0.00,60.00
201928188,P,9/23/2019,25.00,0.00,0.00,0.00,25.00,0.00,25.00
201928219,P,9/30/2019,50.00,0.00,0.00,0.00,50.00,0.00,50.00
201928218,P,9/30/2019,50.00,0.00,0.00,0.00,50.00,0.00,50.00
201928237,P,10/3/2019,25.00,0.00,0.00,0.00,25.00,0.00,25.00
201928238,P,10/3/2019,25.00,0.00,0.00,0.00,25.00,0.00,25.00
201928239,P,10/4/2019,100.00,0.00,0.00,0.00,100.00,0.00,100.00
201928224,P,10/7/2019,25.00,0.00,0.00,0.00,25.00,0.00,25.00
201928225,P,10/7/2019,25.00,0.00,0.00,0.00,25.00,0.00,25.00
201928236,P,10/7/2019,50.00,0.00,0.00,0.00,50.00,0.00,50.00
201928228,P,10/7/2019,25.00,0.00,0.00,0.00,25.00,0.00,25.00
201928223,P,10/7/2019,25.00,0.00,0.00,0.00,25.00,0.00,25.00
201928232,P,10/7/2019,25.00,0.00,0.00,0.00,25.00,0.00,25.00
201928227,P,10/7/2019,25.00,0.00,0.00,0.00,25.00,0.00,25.00
201928231,P,10/7/2019,100.00,0.00,0.00,0.00,100.00,0.00,100.00
201928226,P,10/7/2019,25.00,0.00,0.00,0.00,25.00,0.00,25.00
201928235,P,10/7/2019,50.00,0.00,0.00,0.00,50.00,0.00,50.00
201928234,P,10/7/2019,25.00,0.00,0.00,0.00,25.00,0.00,25.00
201928233,P,10/7/2019,50.00,0.00,0.00,0.00,50.00,0.00,50.00
201928230,P,10/7/2019,25.00,0.00,0.00,0.00,25.00,0.00,25.00
201928229,P,10/7/2019,50.00,0.00,0.00,0.00,50.00,0.00,50.00
201928277,P,10/9/2019,25.00,0.00,0.00,0.00,25.00,0.00,25.00
201928280,P,10/10/2019,25.00,0.00,0.00,0.00,25.00,0.00,25.00
201928281,P,10/11/2019,25.00,0.00,0.00,0.00,25.00,0.00,25.00
201928279,P,10/11/2019,25.00,0.00,0.00,0.00,25.00,0.00,25.00
201928278,P,10/13/2019,50.00,0.00,0.00,0.00,50.00,0.00,50.00
201928292,P,10/17/2019,25.00,0.00,0.00,0.00,25.00,0.00,25.00
201928293,P,10/17/2019,25.00,0.00,0.00,0.00,25.00,0.00,25.00
201928291,P,10/17/2019,50.00,0.00,0.00,0.00,50.00,50.00,100.00
201928297,P,10/21/2019,100.00,0.00,0.00,0.00,100.00,0.00,100.00
201928298,P,10/22/2019,25.00,0.00,0.00,0.00,25.00,0.00,25.00
201928301,P,10/22/2019,500.00,0.00,0.00,0.00,500.00,0.00,500.00
201928299,P,10/22/2019,25.00,0.00,0.00,0.00,25.00,0.00,25.00
201928300,P,10/22/2019,25.00,0.00,0.00,0.00,25.00,0.00,25.00
201928306,P,10/25/2019,50.00,0.00,0.00,0.00,50.00,20.00,70.00
201928304,P,10/25/2019,100.00,0.00,0.00,0.00,100.00,0.00,100.00
201928308,P,10/28/2019,25.00,0.00,0.00,0.00,25.00,0.00,25.00
201928307,P,10/28/2019,25.00,0.00,0.00,0.00,25.00,0.00,25.00
201928305,P,10/29/2019,25.00,0.00,0.00,0.00,25.00,0.00,25.00
201928325,P,11/1/2019,25.00,0.00,0.00,0.00,25.00,0.00,25.00
201928476,P,12/5/2019,100.00,0.00,0.00,0.00,100.00,0.00,100.00
202028785,P,2/17/2020,50.00,0.00,0.00,0.00,0.00,50.00,50.00
202029226,P,7/2/2020,30.00,0.00,0.00,0.00,0.00,30.00,30.00
202029261,P,7/24/2020,100.00,0.00,0.00,0.00,0.00,100.00,100.00
